ds,y,syl
2016.9.12,609.67,0.00205029
2016.9.13,610.92,-0.003437439
2016.9.14,608.82,0.002562334
2016.9.15,610.38,-0.002080671
2016.9.16,609.11,-0.003398401
2016.9.17,607.04,0.007478914
2016.9.18,611.58,-0.002272802
2016.9.19,610.19,-0.002507416
2016.9.20,608.66,-0.016068084
2016.9.21,598.88,-0.002437884
2016.9.22,597.42,-0.005590707
2016.9.23,594.08,0.016496095
2016.9.24,603.88,-0.00354375
2016.9.25,601.74,-0.004586699
2016.9.26,598.98,0.011653144
2016.9.27,605.96,-0.000478579
2016.9.28,605.67,-0.003004937
2016.9.29,603.85,0.009174464
2016.9.30,609.39,0.00891055
2016.10.1,614.82,-0.002992746
2016.10.2,612.98,-0.001843453
2016.10.3,611.85,-0.003644684
2016.10.4,609.62,-0.004002493
2016.10.5,607.18,0.008070095
2016.10.6,612.08,0.008381257
2016.10.7,617.21,-0.004001879
2016.10.8,614.74,0.001480301
2016.10.9,615.65,0.003069926
2016.10.10,617.54,-0.004485539
2016.10.11,614.77,0.032922882
2016.10.12,635.01,0.001496039
2016.10.13,635.96,-0.003050506
2016.10.14,634.02,0.00618277
2016.10.15,637.94,0.005455058
2016.10.16,641.42,-0.00381965
2016.10.17,638.97,-0.00419425
2016.10.18,636.29,-0.011064137
2016.10.19,629.25,-0.002431466
2016.10.20,627.72,0.006690881
2016.10.21,631.92,0.0372832
2016.10.22,655.48,-0.003402087
2016.10.23,653.25,-0.002847302
2016.10.24,651.39,0.0060179
2016.10.25,655.31,-0.005890342
2016.10.26,651.45,0.047233095
2016.10.27,682.22,0.008003283
2016.10.28,687.68,-0.002573872
2016.10.29,685.91,0.017626219
2016.10.30,698,0.005730659
2016.10.31,702,-0.007108262
2016.11.1,697.01,0.052108291
2016.11.2,733.33,-0.064309383
2016.11.3,686.17,-0.003614265
2016.11.4,683.69,0.03086194
2016.11.5,704.79,0.010229998
2016.11.6,712,-0.002865169
2016.11.7,709.96,-0.001394445
2016.11.8,708.97,0.016869543
2016.11.9,720.93,0.000790645
2016.11.10,721.5,-0.008385308
2016.11.11,715.45,-0.016409253
2016.11.12,703.71,-0.002032087
2016.11.13,702.28,0.005952042
2016.11.14,706.46,0.006299012
2016.11.15,710.91,0.001153451
2016.11.16,711.73,0.035448836
2016.11.17,736.96,0.014329136
2016.11.18,747.52,0.001953125
2016.11.19,748.98,-0.026596171
2016.11.20,729.06,0.012989329
2016.11.21,738.53,-0.002112304
2016.11.22,736.97,0.006323188
2016.11.23,741.63,-0.005636234
2016.11.24,737.45,-0.002454404
2016.11.25,735.64,-0.00267794
2016.11.26,733.67,-0.007782791
2016.11.27,727.96,-0.000892906
2016.11.28,727.31,0.007424619
2016.11.29,732.71,0.013620668
2016.11.30,742.69,-0.000861732
2016.12.1,742.05,0.040940637
2016.12.2,772.43,-0.010486387
2016.12.3,764.33,-0.001779336
2016.12.4,762.97,-0.010930967
2016.12.5,754.63,0.002637054
2016.12.6,756.62,0.003132352
2016.12.7,758.99,0.014137209
2016.12.8,769.72,0.000389752
2016.12.9,770.02,-0.001220748
2016.12.10,769.08,0.010298018
2016.12.11,777,0
2016.12.12,777,0.001274131
2016.12.13,777.99,-0.003984627
2016.12.14,774.89,0.002400341
2016.12.15,776.75,-0.001120051
2016.12.16,775.88,0.016523174
2016.12.17,788.7,-0.000380373
2016.12.18,788.4,0.000342466
2016.12.19,788.67,0.005604372
2016.12.20,793.09,0.039238926
2016.12.21,824.21,0.013054925
2016.12.22,834.97,0.079451956
2016.12.23,901.31,-0.010762113
2016.12.24,891.61,0.001110351
2016.12.25,892.6,0.005299126
2016.12.26,897.33,0.036820345
2016.12.27,930.37,-3.22452E-05
2016.12.28,930.34,0.035513898
2016.12.29,963.38,-0.011656875
2016.12.30,952.15,0.00627002
2016.12.31,958.12,0.04133094
2017.1.1,997.72,0.018291705
2017.1.2,1015.97,-0.002509917
2017.1.3,1013.42,0.111839119
2017.1.4,1126.76,-0.117229934
2017.1.5,994.67,0.005006686
2017.1.6,999.65,-0.102856
2017.1.7,896.83,0.012611086
2017.1.8,908.14,0.002587707
2017.1.9,910.49,-0.004876495
2017.1.10,906.05,-0.133359086
2017.1.11,785.22,-0.005476172
2017.1.12,780.92,0.058098141
2017.1.13,826.29,-0.010141718
2017.1.14,817.91,0.002005111
2017.1.15,819.55,0.013360991
2017.1.16,830.5,0.088308248
2017.1.17,903.84,0.003053638
2017.1.18,906.6,-0.011913882
2017.1.19,895.798875,-0.002431112
2017.1.20,893.6210875,0.002259249
2017.1.21,895.64,0.025639347
2017.1.22,918.603625,0.003777459
2017.1.23,922.0736125,-0.002281393
2017.1.24,919.97,-0.029266579
2017.1.25,893.045625,0.025654484
2017.1.26,915.95625,-0.000989403
2017.1.27,915.05,0.005750779
2017.1.28,920.31225,-0.004758439
2017.1.29,915.933,-0.004086543
2017.1.30,912.19,0.057571422
2017.1.31,964.706075,0.015546497
2017.2.1,979.703875,0.00379311
2017.2.2,983.42,0.03010616
2017.2.3,1013.027,0.017741297
2017.2.4,1030.999413,0.002978263
2017.2.5,1034.07,-0.009724922
2017.2.6,1024.01375,0.025484277
2017.2.7,1050.11,0.002599728
2017.2.8,1052.84,-0.072885719
2017.2.9,976.103,0.023563599
2017.2.10,999.1035,-0.001514858
2017.2.11,997.59,0.003021908
2017.2.12,1000.604625,-0.000726811
2017.2.13,999.877375,0.001322787
2017.2.14,1001.2,0.011112653
2017.2.15,1012.325988,0.022603526
2017.2.16,1035.208125,-7.84866E-06
2017.2.17,1035.2,0.020708209
2017.2.18,1056.637138,-0.003651066
2017.2.19,1052.779286,-0.001813567
2017.2.20,1050.87,0.069388629
2017.2.21,1123.788429,-0.000502978
2017.2.22,1123.223188,0.006042265
2017.2.23,1130.01,0.039695445
2017.2.24,1174.86625,-0.020649615
2017.2.25,1150.605714,-0.000204861
2017.2.26,1150.37,0.035103445
2017.2.27,1190.75195,-0.002676178
2017.2.28,1187.565286,0.002799605
2017.3.1,1190.89,0.057537486
2017.3.2,1259.410817,0.020429539
2017.3.3,1285.14,0.001447313
2017.3.4,1287,-0.012483838
2017.3.5,1270.9333,0.003355074
2017.3.6,1275.197375,0.003374086
2017.3.7,1279.5,-0.095433138
2017.3.8,1157.3933,0.030305898
2017.3.9,1192.469143,-0.000317948
2017.3.10,1192.09,-0.010846601
2017.3.11,1179.159875,0.040990837
2017.3.12,1227.494625,0.000151019
2017.3.13,1227.68,0.014409933
2017.3.14,1245.370786,0.009658841
2017.3.15,1257.399625,-0.000317819
2017.3.16,1257,-0.131923717
2017.3.17,1091.171888,-0.127330558
2017.3.18,952.2323625,0.016233052
2017.3.19,967.69,0.084112152
2017.3.20,1049.084488,0.066291663
2017.3.21,1118.630043,-0.00503298
2017.3.22,1113,-0.06667655
2017.3.23,1038.789,-0.093252129
2017.3.24,941.9197143,-0.014852343
2017.3.25,927.93,0.03109751
2017.3.26,956.7863125,0.084076179
2017.3.27,1037.22925,0.003673971
2017.3.28,1041.04,-0.000446188
2017.3.29,1040.5755,-0.002566801
2017.3.30,1037.90455,-0.00304898
2017.3.31,1034.74,0.050437377
2017.4.1,1086.929571,0.011260669
2017.4.2,1099.169125,-0.017448748
2017.4.3,1079.99,0.057047161
2017.4.4,1141.600363,-0.007464126
2017.4.5,1133.079314,0.000397753
2017.4.6,1133.53,0.050218565
2017.4.7,1190.45425,-0.00781585
2017.4.8,1181.149838,0.002438439
2017.4.9,1184.03,0.020028948
2017.4.10,1207.744875,0.015625952
2017.4.11,1226.617038,-0.006136421
2017.4.12,1219.09,-0.032045449
2017.4.13,1180.023713,0.00443749
2017.4.14,1185.260057,-0.012571129
2017.4.15,1170.36,0.014155826
2017.4.16,1186.927413,0.015761252
2017.4.17,1205.634875,-0.023775751
2017.4.18,1176.97,0.034801302
2017.4.19,1217.930088,0.019505419
2017.4.20,1241.686325,-0.004072144
2017.4.21,1236.63,0.019958456
2017.4.22,1261.311225,-0.002634649
2017.4.23,1257.988113,-0.013631379
2017.4.24,1240.84,0.03108756
2017.4.25,1279.414688,0.023209978
2017.4.26,1309.109875,-0.016110088
2017.4.27,1288.02,0.033597637
2017.4.28,1331.294429,0.002767689
2017.4.29,1334.979038,-0.001482449
2017.4.30,1333,0.063145396
2017.5.1,1417.172813,0.024628948
2017.5.2,1452.076288,-0.003117114
2017.5.3,1447.55,0.041962022
2017.5.4,1508.292125,0.016603512
2017.5.5,1533.335071,-0.009511992
2017.5.6,1518.75,0.011271394
2017.5.7,1535.868429,0.068202975
2017.5.8,1640.619225,0.006388304
2017.5.9,1651.1,0.067704106
2017.5.10,1762.88625,0.032959763
2017.5.11,1820.990563,0.004398396
2017.5.12,1829,-0.031208303
2017.5.13,1771.920013,0.002481199
2017.5.14,1776.3165,0.002073673
2017.5.15,1780,-0.023015744
2017.5.16,1739.031975,0.039362754
2017.5.17,1807.485063,-0.013004292
2017.5.18,1783.98,0.099519326
2017.5.19,1961.520488,0.04659105
2017.5.20,2052.909788,-0.021466987
2017.5.21,2008.84,0.040731125
2017.5.22,2090.662313,0.09425146
2017.5.23,2287.710288,-0.013721269
2017.5.24,2256.32,0.058008743
2017.5.25,2387.206286,-0.073403555
2017.5.26,2211.976857,0.03067082
2017.5.27,2279.82,-0.038090376
2017.5.28,2192.9808,0.037825183
2017.5.29,2275.9307,0.006190566
2017.5.30,2290.02,-0.001784301
2017.5.31,2285.933914,0.049567818
2017.6.1,2399.242671,0.004454459
2017.6.2,2409.93,0.048065777
2017.6.3,2525.765158,-0.003797667
2017.6.4,2516.173143,0.005308401
2017.6.5,2529.53,0.139861436
2017.6.6,2883.313697,-0.075743695
2017.6.7,2664.920863,0.006795375
2017.6.8,2683.03,0.053842596
2017.6.9,2827.4913,0.006324178
2017.6.10,2845.372857,0.018717105
2017.6.11,2898.63,-0.08312718
2017.6.12,2657.675063,0.034056091
2017.6.13,2748.185086,-0.015350162
2017.6.14,2706,-0.0973835
2017.6.15,2442.48025,0.009203581
2017.6.16,2464.959814,0.005265881
2017.6.17,2477.94,0.01188457
2017.6.18,2507.389252,0.043798948
2017.6.19,2617.210263,-0.006575804
2017.6.20,2600,0.027324327
2017.6.21,2671.04325,0.021057227
2017.6.22,2727.288013,-0.00506291
2017.6.23,2713.48,-0.045813904
2017.6.24,2589.164888,-0.029661534
2017.6.25,2512.366286,-0.004114164
2017.6.26,2502.03,0.006344094
2017.6.27,2517.903114,0.026786603
2017.6.28,2585.349186,-0.010462488
2017.6.29,2558.3,-0.031528212
2017.6.30,2477.641375,0.009504995
2017.7.1,2501.191343,-0.031957308
2017.7.2,2421.26,0.057806856
2017.7.3,2561.225429,0.015033588
2017.7.4,2599.729838,-0.000323048
2017.7.5,2598.89,0.004262493
2017.7.6,2609.96775,-0.045504982
2017.7.7,2491.201214,0.004679986
2017.7.8,2502.86,0.013336318
2017.7.9,2536.238938,-0.06705551
2017.7.10,2366.170143,-0.016516202
2017.7.11,2327.09,0.025206834
2017.7.12,2385.748571,-0.012979219
2017.7.13,2354.783417,-0.006919285
2017.7.14,2338.49,-0.119519177
2017.7.15,2058.9956,-0.062060016
2017.7.16,1931.2143,-0.010487857
2017.7.17,1910.96,0.214113456
2017.7.18,2320.12225,-0.023859325
2017.7.19,2264.7657,0.000196179
2017.7.20,2265.21,0.184082431
2017.7.21,2682.195363,0.04675815
2017.7.22,2807.609857,0.006375581
2017.7.23,2825.51,-0.026079883
2017.7.24,2751.821029,-0.069344303
2017.7.25,2560.997917,0.001289374
2017.7.26,2564.3,0.032494248
2017.7.27,2647.625,0.050615772
2017.7.28,2781.636583,0.00113725
2017.7.29,2784.8,-0.013948787
2017.7.30,2745.955417,0.043874074
2017.7.31,2866.431667,-0.001232078
2017.8.1,2862.9,-0.059123971
2017.8.2,2693.633983,0.037304153
2017.8.3,2794.117717,-0.001473709
2017.8.4,2790,0.153446243
2017.8.5,3218.115017,0.010704253
2017.8.6,3252.562533,-0.013024356
2017.8.7,3210.2,0.076996553
2017.8.8,3457.374333,-0.028937571
2017.8.9,3357.326317,-0.005077349
2017.8.10,3340.28,0.08748568
2017.8.11,3632.506667,0.060645793
2017.8.12,3852.802914,0.00407939
2017.8.13,3868.52,0.107139681
2017.8.14,4282.992,-0.015401306
2017.8.15,4217.028329,-0.008787783
2017.8.16,4179.97,0.035587748
2017.8.17,4328.725717,-0.045806933
2017.8.18,4130.440067,-0.006229377
2017.8.19,4104.71,0.012972423
2017.8.20,4157.958033,-0.027474071
2017.8.21,4043.722,-0.01420523
2017.8.22,3986.28,0.047329841
2017.8.23,4174.95,0.039609269
2017.8.24,4340.316717,-0.001969146
2017.8.25,4331.77,0.006635467
2017.8.26,4360.513317,-0.001422994
2017.8.27,4354.308333,-0.003504192
2017.8.28,4339.05,0.061980261
2017.8.29,4607.98545,-0.002820669
2017.8.30,4594.98785,-0.002713359
2017.8.31,4582.52,0.071842571
2017.9.1,4911.740017,-0.067461335
2017.9.2,4580.38748,0.001131459
2017.9.3,4585.57,-0.052659033
2017.9.4,4344.098317,0.033291563
2017.9.5,4488.72014,-0.023102385
2017.9.6,4385.02,0.061490826
2017.9.7,4654.6585,-0.073884758
2017.9.8,4310.750183,0.000350245
2017.9.9,4312.26,0.004103417
2017.9.10,4329.955,-0.018906659
2017.9.11,4248.090017,-0.011652299
2017.9.12,4198.59,-0.056523436
2017.9.13,3961.271267,-0.161978623
2017.9.14,3319.63,-0.031087802
2017.9.15,3216.43,0.170125276
2017.9.16,3763.62604,-0.00466711
2017.9.17,3746.060783,-0.018027146
2017.9.18,3678.53,0.072007931
2017.9.19,3943.413333,0.008659588
2017.9.20,3977.561667,-0.020887587
2017.9.21,3894.48,-0.065985048
2017.9.22,3637.50255,0.038181238
2017.9.23,3776.3869,0.000326529
2017.9.24,3777.62,0.043661088
2017.9.25,3942.555,-0.00817937
2017.9.26,3910.307383,-0.007494905
2017.9.27,3881,0.08270782
2017.9.28,4201.98905,-0.002002476
2017.9.29,4193.574667,-0.006987992
2017.9.30,4164.27,0.047175848
2017.10.1,4360.722967,0.005999185
2017.10.2,4386.88375,0.001638122
2017.10.3,4394.07,-0.03843703
2017.10.4,4225.175,0.026904684
2017.10.5,4338.852,-0.004672204
2017.10.6,4318.58,0.013340419
2017.10.7,4376.191667,0.051663463
2017.10.8,4602.280883,0.000734227
2017.10.9,4605.66,0.038348467
2017.10.10,4782.28,0.007779922
2017.10.11,4819.485767,0.000556954
2017.10.12,4822.17,0.153797267
2017.10.13,5563.806567,0.031566907
2017.10.14,5739.438733,0.015080093
2017.10.15,5825.99,-0.019702082
2017.10.16,5711.205867,-0.018821406
2017.10.17,5603.71294,-0.001615525
2017.10.18,5594.66,0.023767932
2017.10.19,5727.6335,0.043966909
2017.10.20,5979.45984,0.001167356
2017.10.21,5986.44,-0.000543804
2017.10.22,5983.18455,-0.017900949
2017.10.23,5876.079867,0.004171171
2017.10.24,5900.59,-0.039143114
2017.10.25,5669.622533,0.039423415
2017.10.26,5893.138417,-0.000563098
2017.10.27,5889.82,-0.019206538
2017.10.28,5776.69695,0.065562911
2017.10.29,6155.43402,-0.003077609
2017.10.30,6136.49,0.041091107
2017.10.31,6388.645167,0.043305194
2017.11.1,6665.306683,0.01300365
2017.11.2,6751.98,0.0660162
2017.11.3,7197.72006,0.033319337
2017.11.4,7437.543317,-0.009620558
2017.11.5,7365.99,-0.051170085
2017.11.6,6989.071667,0.014745244
2017.11.7,7092.127233,0.005148352
2017.11.8,7128.64,0.004123796
2017.11.9,7158.03706,-0.061279259
2017.11.10,6719.39785,-0.022349897
2017.11.11,6569.22,-0.129835569
2017.11.12,5716.301583,0.145885576
2017.11.13,6550.227533,-0.008640545
2017.11.14,6493.63,0.124398822
2017.11.15,7301.42992,0.070342493
2017.11.16,7815.0307,0.006876403
2017.11.17,7868.77,-0.006561333
2017.11.18,7817.140383,0.024371276
2017.11.19,8007.654067,0.005253216
2017.11.20,8049.72,0.001252217
2017.11.21,8059.8,0.025836249
2017.11.22,8268.035,-0.003787478
2017.11.23,8236.72,0.001731069
2017.11.24,8250.978333,0.055318159
2017.11.25,8707.407267,0.007050633
2017.11.26,8768.8,0.10828107
2017.11.27,9718.29505,0.024100294
2017.11.28,9952.50882,-0.003366872
2017.11.29,9919,0.023023692
2017.11.30,10147.372,0.07258431
2017.12.1,10883.912,-0.000370455
2017.12.2,10879.88,0.041612775
2017.12.3,11332.622,0.022255044
2017.12.4,11584.83,0.000551583
2017.12.5,11591.22,0.168210076
2017.12.6,13540.98,0.218668935
2017.12.7,16501.97167,0.021749421
2017.12.8,16860.88,-0.101895384
2017.12.9,15142.83415,-0.018030254
2017.12.10,14869.805,0.013392576
2017.12.11,15068.95,0.146489525
2017.12.12,17276.39333,-0.02709053
2017.12.13,16808.36667,-0.033082136
2017.12.14,16252.31,0.093499939
2017.12.15,17771.9,0.097163687
2017.12.16,19498.68333,-0.011220416
2017.12.17,19279.9,-0.016496109
2017.12.18,18961.85667,-0.06458993
2017.12.19,17737.11167,-0.019967832
2017.12.20,17382.94,-0.076824174
2017.12.21,16047.51,-0.053376817
2017.12.22,15190.945,-0.093103819
2017.12.23,13776.61,0.012525941
2017.12.24,13949.175,0.012176586
2017.12.25,14119.02833,-0.026778637
2017.12.26,13740.94,0.134516392
2017.12.27,15589.32167,-0.077536408
2017.12.28,14380.58167,-0.011583097
2017.12.29,14214.01,-0.070243091
2017.12.30,13215.574,0.071884959
2017.12.31,14165.575,-0.026089657
2018.1.1,13796,0.087696192
2018.1.2,15005.85667,0.0031591
2018.1.3,15053.26167,-0.000931471
2018.1.4,15039.24,0.141953982
2018.1.5,17174.12,0.008447478
2018.1.6,17319.198,-0.009425841
2018.1.7,17155.95,-0.110168386
2018.1.8,15265.90667,-0.036136297
2018.1.9,14714.25333,-0.018813957
2018.1.10,14437.42,-0.079004836
2018.1.11,13296.794,0.046333575
2018.1.12,13912.882,-0.008746714
2018.1.13,13791.19,0.004476046
2018.1.14,13852.92,0.011497648
2018.1.15,14012.196,-0.032689808
2018.1.16,13554.14,-0.179811728
2018.1.17,11116.94667,0.020552105
2018.1.18,11345.42333,-0.015037194
2018.1.19,11174.82,0.158926348
2018.1.20,12950.79333,-0.111619828
2018.1.21,11505.228,0.000712024
2018.1.22,11513.42,-0.025218918
2018.1.23,11223.064,0.005274347
2018.1.24,11282.25833,0.009729583
2018.1.25,11392.03,-0.037062315
2018.1.26,10969.815,0.050589884
2018.1.27,11524.77667,-0.008104857
2018.1.28,11431.37,-0.019132877
2018.1.29,11212.655,-0.091735038
2018.1.30,10184.06167,-0.009970646
2018.1.31,10082.52,-0.099108325
2018.2.1,9083.258333,-0.019966036
2018.2.2,8901.901667,-0.005523726
2018.2.3,8852.73,-0.051066921
2018.2.4,8400.648333,-0.185917992
2018.2.5,6838.816667,0.012669346
2018.2.6,6925.46,0.169591382
2018.2.7,8099.958333,0.017355439
2018.2.8,8240.536667,0.000551339
2018.2.9,8245.08,0.00907166
2018.2.10,8319.876566,0.002833988
2018.2.11,8343.455,-0.033012103
2018.2.12,8068.02,0.065660162
2018.2.13,8597.7675,0.085704322
2018.2.14,9334.633333,0.014677241
2018.2.15,9471.64,0.069208888
2018.2.16,10127.16167,0.070585424
2018.2.17,10841.99167,0.022490179
2018.2.18,11085.83,0.002267309
2018.2.19,11110.965,0.025148731
2018.2.20,11390.39167,-0.012678376
2018.2.21,11245.98,-0.116922521
2018.2.22,9931.071667,0.023264861
2018.2.23,10162.11667,0.000903683
2018.2.24,10171.3,-0.046671189
2018.2.25,9696.593333,0.067241141
2018.2.26,10348.60333,-0.002816161
2018.2.27,10319.46,0.004913532
2018.2.28,10370.165,0.061639971
2018.3.1,11009.38167,-0.007108634
2018.3.2,10931.12,0.036211141
2018.3.3,11326.94833,0.009113959
2018.3.4,11430.18167,0.007580661
2018.3.5,11516.83,-0.065437422
2018.3.6,10763.19833,-0.059939463
2018.3.7,10118.058,-0.019529242
2018.3.8,9920.46,-0.083784589
2018.3.9,9089.278333,-0.037767171
2018.3.10,8746.002,0.003586553
2018.3.11,8777.37,0.046195311
2018.3.12,9182.843333,-0.003064773
2018.3.13,9154.7,-0.000126711
2018.3.14,9153.54,-0.086897346
2018.3.15,8358.121667,0.020612327
2018.3.16,8530.402,-0.027256863
2018.3.17,8297.89,-0.015241827
2018.3.18,8171.415,0.029446348
2018.3.19,8412.033333,0.023015442
2018.3.20,8605.64,0.039754549
2018.3.21,8947.753333,-0.028760851
2018.3.22,8690.408333,0.004023018
2018.3.23,8725.37,-0.007219369
2018.3.24,8662.378333,-0.005204306
2018.3.25,8617.296667,-0.018490331
2018.3.26,8457.96,-0.068783134
2018.3.27,7876.195,0.010688537
2018.3.28,7960.38,-0.001227328
2018.3.29,7950.61,-0.134339168
2018.3.30,6882.531667,0.007693148
2018.3.31,6935.48,0.000299907
2018.4.1,6937.56,0.014167565
2018.4.2,7035.848333,0.05323973
2018.4.3,7410.435,0.00216519
2018.4.4,7426.48,-0.080787937
2018.4.5,6826.51,-0.032613053
2018.4.6,6603.876667,0.004664432
2018.4.7,6634.68,0.057723457
2018.4.8,7017.656667,-0.045368896
2018.4.9,6699.273333,0.012708344
2018.4.10,6784.41,0.020909212
2018.4.11,6926.266667,0.133055566
2018.4.12,7847.845,0.011928752
2018.4.13,7941.46,0.011968964
2018.4.14,8036.511051,0.037856886
2018.4.15,8340.748333,0.003279282
2018.4.16,8368.1,-0.056486308
2018.4.17,7895.416926,0.034136323
2018.4.18,8164.937426,0.001349989
2018.4.19,8175.96,0.082774174
2018.4.20,8852.718333,-0.00514117
2018.4.21,8807.205,0.014010688
2018.4.22,8930.6,0.000365224
2018.4.23,8933.861667,0.069586967
2018.4.24,9555.542,0.010733876
2018.4.25,9658.11,-0.041386117
2018.4.26,9258.398333,-0.026794951
2018.4.27,9010.32,-0.009075149
2018.4.28,8928.55,0.045442056
2018.4.29,9334.281667,-0.008004008
2018.4.30,9259.57,-0.002162087
2018.5.1,9239.55,-0.001961567
2018.5.2,9221.426,0.045312117
2018.5.3,9639.268333,0.011835096
2018.5.4,9753.35,0.005122001
2018.5.5,9803.306667,-0.017664488
2018.5.6,9630.136277,0.000135379
2018.5.7,9631.44,-0.041824656
2018.5.8,9228.608333,0.010124315
2018.5.9,9322.041667,-0.001252051
2018.5.10,9310.37,-0.090391896
2018.5.11,8468.788,0.001837178
2018.5.12,8484.346667,-0.002454717
2018.5.13,8463.52,0.022274223
2018.5.14,8652.038333,-0.016248233
2018.5.15,8511.458,-0.004746308
2018.5.16,8471.06,-0.043080992
2018.5.17,8106.118333,0.01652291
2018.5.18,8240.055,-0.000118324
2018.5.19,8239.08,0.032567552
2018.5.20,8507.406667,-0.01432287
2018.5.21,8385.556187,0.001320582
2018.5.22,8396.63,-0.10014613
2018.5.23,7555.74,0.001383496
2018.5.24,7566.193333,0.001399207
2018.5.25,7576.78,-0.030866894
2018.5.26,7342.908333,0.00257709
2018.5.27,7361.831667,-0.00234611
2018.5.28,7344.56,0.015700963
2018.5.29,7459.876667,-0.009984303
2018.5.30,7385.395,0.000179408
2018.5.31,7386.72,0.020093718
2018.6.1,7535.146667,0.014598256
2018.6.2,7645.146667,-0.001047288
2018.6.3,7637.14,-0.017921194
2018.6.4,7500.273333,0.015392614
2018.6.5,7615.722142,0.000486869
2018.6.6,7619.43,0.007460094
2018.6.7,7676.271667,-0.007310624
2018.6.8,7620.153333,-0.000605412
2018.6.9,7615.54,-0.11012373
2018.6.10,6776.888333,0.014577487
2018.6.11,6875.678333,0.00052819
2018.6.12,6879.31,-0.081928275
2018.6.13,6315.7,0.052458688
2018.6.14,6647.013333,-0.001444759
2018.6.15,6637.41,-0.01928212
2018.6.16,6509.426667,-0.006915356
2018.6.17,6464.411667,-0.002880644
2018.6.18,6445.79,0.045178326
2018.6.19,6737,-0.003307357
2018.6.20,6714.718333,0.006867253
2018.6.21,6760.83,-0.063343801
2018.6.22,6332.573333,-0.030156382
2018.6.23,6141.605833,0.004698147
2018.6.24,6170.46,0.006642536
2018.6.25,6211.4475,0.001150698
2018.6.26,6218.595,-0.01947948
2018.6.27,6097.46,0.001711558
2018.6.28,6107.896154,-0.032612482
2018.6.29,5908.7025,0.053239692
2018.6.30,6223.28,0.024339925
2018.7.1,6374.754167,0.014324474
2018.7.2,6466.069167,0.024801905
2018.7.3,6626.44,-0.005002812
2018.7.4,6593.289167,0.001529965
2018.7.5,6603.376667,-0.007248817
2018.7.6,6555.51,0.005914363
2018.7.7,6594.281667,0.024153882
2018.7.8,6753.559167,-0.004370905
2018.7.9,6724.04,-0.031714317
2018.7.10,6510.791667,-0.020493412
2018.7.11,6377.363333,0.004048173
2018.7.12,6403.18,-0.024803691
2018.7.13,6244.3575,-0.000537685
2018.7.14,6241,0.001256209
2018.7.15,6248.84,0.042496021
2018.7.16,6514.390833,0.054574558
2018.7.17,6869.910833,0.065751824
2018.7.18,7321.62,0.010213814
2018.7.19,7396.401667,0.004278206
2018.7.20,7428.045,-0.012527522
2018.7.21,7334.99,0.015855395
2018.7.22,7451.289167,0.032020634
2018.7.23,7689.884167,0.003279091
2018.7.24,7715.1,0.069482573
2018.7.25,8251.165,-0.00773719
2018.7.26,8187.324167,-0.030231387
2018.7.27,7939.81,0.030534946
2018.7.28,8182.251667,0.002944177
2018.7.29,8206.341667,0.001775253
2018.7.30,8220.91,-0.036992154
2018.7.31,7916.800833,-0.043695891
2018.8.1,7570.869167,0.004864809
2018.8.2,7607.7,-0.028024348
2018.8.3,7394.499167,-0.019843129
2018.8.4,7247.769167,-0.032629236
2018.8.5,7011.28,-0.003309072
2018.8.6,6988.079167,0.000777634
2018.8.7,6993.513333,-0.039362667
2018.8.8,6718.23,-0.04784854
2018.8.9,6396.7725,-4.34333E-05
2018.8.10,6396.494667,-0.040261843
2018.8.11,6138.96,0.028045739
2018.8.12,6311.131667,0.005694436
2018.8.13,6347.07,-0.014958083
2018.8.14,6252.13,0.017681482
2018.8.15,6362.676923,-0.003150827
2018.8.16,6342.629231,-0.004710859
2018.8.17,6312.75,0.019638166
2018.8.18,6436.720833,-0.005073624
2018.8.19,6404.063333,0.012885049
2018.8.20,6486.58,-0.013155445
2018.8.21,6401.246154,0.027179554
2018.8.22,6575.229167,-0.03355916
2018.8.23,6354.57,0.029754289
2018.8.24,6543.645714,0.026863239
2018.8.25,6719.429231,0.002803924
2018.8.26,6738.27,-0.002820286
2018.8.27,6719.266154,0.041786386
2018.8.28,7000.04,0.011164222
2018.8.29,7078.19,-0.020559988
2018.8.30,6932.6625,0.007108907
2018.8.31,6981.946154,0.005275584
2018.9.1,7018.78,0.032648891
2018.9.2,7247.935385,0.001795525
2018.9.3,7260.949231,0.000568902
2018.9.4,7265.08,-0.020923482
2018.9.5,7113.069231,-0.095570216
2018.9.6,6433.271667,0.010557355
2018.9.7,6501.19,-0.020778119
2018.9.8,6366.1075,-0.012516544
2018.9.9,6286.425833,-0.007229201
2018.9.10,6240.98,0.008867331
2018.9.11,6296.320833,-0.003682044
2018.9.12,6273.1375,0.00843318
2018.9.13,6326.04,0.027350839
2018.9.14,6499.0625,0.003014666
2018.9.15,6518.655,0.000572971
2018.9.16,6522.39,-0.018672475
2018.9.17,6400.600833,-0.016243657
2018.9.18,6296.631667,0.007267113
2018.9.19,6342.39,0.012010089
2018.9.20,6418.562667,0.039172036
2018.9.21,6669.990833,0.012912936
2018.9.22,6756.12,-0.006760537
2018.9.23,6710.445,-0.010601508
2018.9.24,6639.304167,-0.008412654
2018.9.25,6583.45,-0.01744045
2018.9.26,6468.631667,0.010333716
2018.9.27,6535.476667,0.023043971
2018.9.28,6686.08,-0.020281814
2018.9.29,6550.474167,0.006512633
2018.9.30,6593.135,0.00271267
2018.10.1,6611.02,-0.007317832
2018.10.2,6562.641667,-0.014055189
2018.10.3,6470.4025,0.002059764
2018.10.4,6483.73,0.013081847
2018.10.5,6568.549167,0.001969613
2018.10.6,6581.486667,-0.001195272
2018.10.7,6573.62,0.006837586
2018.10.8,6618.567692,0.000475023
2018.10.9,6621.711667,0.000775983
2018.10.10,6626.85,-0.057072994
2018.10.11,6248.635833,0.001903615
2018.10.12,6260.530833,-0.002161292
2018.10.13,6247,0.008387893
2018.10.14,6299.399167,0.024315414
2018.10.15,6452.571667,0.022719365
2018.10.16,6599.17,-0.000438517
2018.10.17,6596.276154,-0.004280504
2018.10.18,6568.040769,-0.008896225
2018.10.19,6509.61,-0.003192844
2018.10.20,6488.825833,0.00659223
2018.10.21,6531.601667,-0.004106446
2018.10.22,6504.78,-0.003590283
2018.10.23,6481.426,0.004147853
2018.10.24,6508.31,-0.002848666
2018.10.25,6489.77,-0.002467987
2018.10.26,6473.753333,-0.0012104
2018.10.27,6465.9175,-0.001346677
2018.10.28,6457.21,-0.011543943
2018.10.29,6382.668333,-0.011470982
2018.10.30,6309.452857,-0.001243033
2018.10.31,6301.61,0.006454038
2018.11.1,6342.280833,0.007157257
2018.11.2,6387.674167,0.000429864
2018.11.3,6390.42,0.000227424
2018.11.4,6391.873333,0.007054531
2018.11.5,6436.965,0.000123505
2018.11.6,6437.76,0.015693347
2018.11.7,6538.79,-0.008034871
2018.11.8,6486.251667,-0.006364487
2018.11.9,6444.97,-0.007127522
2018.11.10,6399.033333,-0.003245021
2018.11.11,6378.268333,0.004744496
2018.11.12,6408.53,-0.005690333
2018.11.13,6372.063333,-0.030744882
2018.11.14,6176.155,-0.067903898
2018.11.15,5756.77,-0.02789368
2018.11.16,5596.1925,-0.006781248
2018.11.17,5558.243333,0.002554164
2018.11.18,5572.44,-0.048183112
2018.11.19,5303.9425,-0.119151461
2018.11.20,4671.97,-0.038525504
2018.11.21,4491.98,0.012648654
2018.11.22,4548.7975,-0.052642484
2018.11.23,4309.3375,0.010127427
2018.11.24,4352.98,-0.121633532
2018.11.25,3823.511667,0.025375887
2018.11.26,3920.536667,-0.032441137
2018.11.27,3793.35,0.081749337
2018.11.28,4103.453846,0.039071839
2018.11.29,4263.783333,0.003514875
2018.11.30,4278.77,-0.037859595
2018.12.1,4116.7775,0.012332259
2018.12.2,4167.546667,-0.006465834
2018.12.3,4140.6,-0.043256211
2018.12.4,3961.493333,-0.026036688
2018.12.5,3858.349167,-0.029382817
2018.12.6,3744.98,-0.090611076
2018.12.7,3405.643333,0.008719841
2018.12.8,3435.34,0.005332805
2018.12.9,3453.66,0.020355217
2018.12.10,3523.96,-0.027744356
2018.12.11,3426.19,-0.00551925
2018.12.12,3407.28,-0.000151881
2018.12.13,3406.7625,-0.037686317
2018.12.14,3278.374167,-0.010967072
2018.12.15,3242.42,0.008887909
2018.12.16,3271.238333,0.03704
2018.12.17,3392.405,0.048383079
2018.12.18,3556.54,0.070715499
2018.12.19,3808.0425,0.045905037
2018.12.20,3982.850833,0.038248775
2018.12.21,4135.19,-0.054221612
2018.12.22,3910.973333,0.02978926
2018.12.23,4027.478333,-0.008021976
2018.12.24,3995.17,-0.045377293
2018.12.25,3813.88,0.003015084
2018.12.26,3825.379167,0.005968254
2018.12.27,3848.21,-0.02710481
2018.12.28,3743.905,0.044974654
2018.12.29,3912.285833,-0.036276959
2018.12.30,3770.36,0.005619048
2018.12.31,3791.545833,-0.010358352
2019.1.1,3752.271667,0.027612162
2019.1.2,3855.88,0.002572046
2019.1.3,3865.7975,-0.011167381
2019.1.4,3822.626667,0.008892664
2019.1.5,3856.62,0.016552491
2019.1.6,3920.456667,0.029495713
2019.1.7,4036.093333,-0.000952241
2019.1.8,4032.25,0.000468308
2019.1.9,4034.138333,-0.054919411
2019.1.10,3812.585833,-0.043628089
2019.1.11,3646.25,2.62826E-05
2019.1.12,3646.345833,-0.012753636
2019.1.13,3599.841667,-0.018856848
2019.1.14,3531.96,0.035341567
2019.1.15,3656.785,-0.009711855
2019.1.16,3621.270833,4.39534E-05
2019.1.17,3621.43,0.003027809
2019.1.18,3632.395,0.016002757
2019.1.19,3690.523333,0.003646276
2019.1.20,3703.98,-0.041996042
2019.1.21,3548.4275,-0.002369359
2019.1.22,3540.02,0.013369981
2019.1.23,3587.35,-0.005839965
2019.1.24,3566.4,0.005565837
2019.1.25,3586.25,-0.00235901
2019.1.26,3577.79,-0.000416458
2019.1.27,3576.3,-0.006095685
2019.1.28,3554.5,-0.029798847
2019.1.29,3448.58,-0.00782351
2019.1.30,3421.6,0.014145429
2019.1.31,3470,-0.007259366
2019.2.1,3444.81,0.008859705
2019.2.2,3475.33,0.008888365
2019.2.3,3506.22,-0.014317413
2019.2.4,3456.02,-0.001061915
2019.2.5,3452.35,0.00434197
2019.2.6,3467.34,-0.017777316
2019.2.7,3405.7,-0.003212262
2019.2.8,3394.76,0.078450318
2019.2.9,3661.08,0.000901373
2019.2.10,3664.38,0.005979183
2019.2.11,3686.29,-0.015413871
2019.2.12,3629.47,0.000812791
2019.2.13,3632.42,-0.00493335
2019.2.14,3614.5,-0.003925854
2019.2.15,3600.31,0.002191478
2019.2.16,3608.2,0.003145613
2019.2.17,3619.55,0.014142642
2019.2.18,3670.74,0.065398258
2019.2.19,3910.8,0.004022195
2019.2.20,3926.53,0.015446208
2019.2.21,3987.18,-0.010609002
2019.2.22,3944.88,0.009784835
2019.2.23,3983.48,0.039191862
2019.2.24,4139.6,-0.090035269
2019.2.25,3766.89,0.021619957
2019.2.26,3848.33,-0.004386318
2019.2.27,3831.45,0.000464576
2019.2.28,3833.23,0.004395771
2019.3.1,3850.08,-0.004015501
2019.3.2,3834.62,-0.000829287
2019.3.3,3831.44,-0.004400434
2019.3.4,3814.58,-0.021915912
2019.3.5,3730.98,0.037864046
2019.3.6,3872.25,0.00118794
2019.3.7,3876.85,0.002571675
2019.3.8,3886.82,-0.002794058
2019.3.9,3875.96,0.019246845
2019.3.10,3950.56,-0.005667551
2019.3.11,3928.17,-0.011985225
2019.3.12,3881.09,0.002942472
2019.3.13,3892.51,-0.00378676
2019.3.14,3877.77,0.001918628
2019.3.15,3885.21,0.013201346
2019.3.16,3936.5,0.020182904
2019.3.17,4015.95,-0.005236619
2019.3.18,3994.92,0.000963724
2019.3.19,3998.77,0.007587333
2019.3.20,4029.11,0.006773208
2019.3.21,4056.4,-0.015792328
2019.3.22,3992.34,0.001683223
2019.3.23,3999.06,0.003215756
2019.3.24,4011.92,-0.004439271
2019.3.25,3994.11,-0.014576464
2019.3.26,3935.89,0.003010755
2019.3.27,3947.74,0.025525997
2019.3.28,4048.51,-0.00275163
2019.3.29,4037.37,0.019364091
2019.3.30,4115.55,-0.000269709
2019.3.31,4114.44,-6.8053E-05
2019.4.1,4114.16,0.009326327
2019.4.2,4152.53,0.175880728
2019.4.3,4882.88,0.015755046
2019.4.4,4959.81,-0.009792714
2019.4.5,4911.24,0.02393082
2019.4.6,5028.77,0.004921681
2019.4.7,5053.52,0.02688621
2019.4.8,5189.39,0.015285034
2019.4.9,5268.71,-0.0176324
2019.4.10,5175.81,0.025961154
2019.4.11,5310.18,-0.051817453
2019.4.12,5035.02,0.007513376
2019.4.13,5072.85,-0.001622362
2019.4.14,5064.62,0.017353721
2019.4.15,5152.51,-0.022577346
2019.4.16,5036.18,0.031863436
2019.4.17,5196.65,0.004564479
2019.4.18,5220.37,0.010715716
2019.4.19,5276.31,0.000138354
2019.4.20,5277.04,0.006109486
2019.4.21,5309.28,-0.005170193
2019.4.22,5281.83,0.018054349
2019.4.23,5377.19,0.026216295
2019.4.24,5518.16,-0.015217029
2019.4.25,5434.19,-0.043903507
2019.4.26,5195.61,0.018711951
2019.4.27,5292.83,-0.002388136
2019.4.28,5280.19,0.003996068
2019.4.29,5301.29,-0.007666059
2019.4.30,5260.65,0.001737428
2019.5.1,5269.79,0.010793599
2019.5.2,5326.67,0.011919267
2019.5.3,5390.16,0.049530997
2019.5.4,5657.14,0.020140919
2019.5.5,5771.08,-0.0092565
2019.5.6,5717.66,-0.005804822
2019.5.7,5684.47,0.01253415
2019.5.8,5755.72,0.031446978
2019.5.9,5936.72,0.035405072
2019.5.10,6146.91,0.032717251
2019.5.11,6348.02,0.141822174
2019.5.12,7248.31,-0.037205914
2019.5.13,6978.63,0.121009424
2019.5.14,7823.11,0.021676801
2019.5.15,7992.69,0.026800739
2019.5.16,8206.9,-0.039106118
2019.5.17,7885.96,-0.066414235
2019.5.18,7362.22,-0.013198465
2019.5.19,7265.05,0.12782431
2019.5.20,8193.7,-0.022782137
2019.5.21,8007.03,-0.006810265
2019.5.22,7952.5,-0.041065074
2019.5.23,7625.93,0.03335462
2019.5.24,7880.29,0.015604756
2019.5.25,8003.26,0.008520278
2019.5.26,8071.45,0.083376593
2019.5.27,8744.42,0.002932156
2019.5.28,8770.06,-0.00572174
2019.5.29,8719.88,-0.006525319
2019.5.30,8662.98,-0.045079176
2019.5.31,8272.46,0.034010439
2019.6.1,8553.81,0.000115738
2019.6.2,8554.8,0.021535278
2019.6.3,8739.03,-0.069127809
2019.6.4,8134.92,-0.05643817
2019.6.5,7675.8,0.014362021
2019.6.6,7786.04,0.002207798
2019.6.7,7803.23,0.024997341
2019.6.8,7998.29,-0.008370539
2019.6.9,7931.34,-0.036655849
2019.6.10,7640.61,0.049704147
2019.6.11,8020.38,-0.012817348
2019.6.12,7917.58,0.032267435
2019.6.13,8173.06,0.007930934
2019.6.14,8237.88,0.055320058
2019.6.15,8693.6,0.019079553
2019.6.16,8859.47,0.013490649
2019.6.17,8978.99,0.038811715
2019.6.18,9327.48,-0.026941896
2019.6.19,9076.18,0.022643888
2019.6.20,9281.7,0.026897012
2019.6.21,9531.35,0.071136827
2019.6.22,10209.38,0.044983143
2019.6.23,10668.63,0.013670921
2019.6.24,10814.48,0.018772978
2019.6.25,11017.5,0.067973678
2019.6.26,11766.4,0.099108478
2019.6.27,12932.55,-0.13916049
2019.6.28,11132.85,0.111516817
2019.6.29,12374.35,-0.039110741
2019.6.30,11890.38,-0.096939711
2019.7.1,10737.73,-0.01480853
2019.7.2,10578.72,0.021427923
2019.7.3,10805.4,0.109145427
2019.7.4,11984.76,-0.068776513
2019.7.5,11160.49,-0.018397938
2019.7.6,10955.16,0.025273935
2019.7.7,11232.04,0.021809929
2019.7.8,11477.01,0.072847371
2019.7.9,12313.08,0.022228395
2019.7.10,12586.78,-0.038681855
2019.7.11,12099.9,-0.061738527
2019.7.12,11352.87,0.039734446
2019.7.13,11803.97,-0.03514665
2019.7.14,11389.1,-0.1055518
2019.7.15,10186.96,0.067394002
2019.7.16,10873.5,-0.135722628
2019.7.17,9397.72,0.029428415
2019.7.18,9674.28,0.099674601
2019.7.19,10638.56,-0.009663902
2019.7.20,10535.75,0.021749757
2019.7.21,10764.9,-0.016487845
2019.7.22,10587.41,-0.024915442
2019.7.23,10323.62,-0.04642945
2019.7.24,9844.3,-0.007327083
2019.7.25,9772.17,0.010540136
2019.7.26,9875.17,-0.002685523
2019.7.27,9848.65,-0.038041762
2019.7.28,9473.99,0.005911976
2019.7.29,9530,-0.003008395
2019.7.30,9501.33,0.009240812
2019.7.31,9589.13,0.051680392
2019.8.1,10084.7,0.031976162
2019.8.2,10407.17,0.011759201
2019.8.3,10529.55,0.027068583
2019.8.4,10814.57,0.015318223
2019.8.5,10980.23,0.073564944
2019.8.6,11787.99,-0.027343084
2019.8.7,11465.67,0.04318544
2019.8.8,11960.82,0.002975548
2019.8.9,11996.41,-0.011650986
2019.8.10,11856.64,-0.048447115
2019.8.11,11282.22,0.025227305
2019.8.12,11566.84,-0.01561187
2019.8.13,11386.26,-0.046383975
2019.8.14,10858.12,-0.077468291
2019.8.15,10016.96,0.02847271
2019.8.16,10302.17,0.005559023
2019.8.17,10359.44,-0.013989173
2019.8.18,10214.52,0.010091517
2019.8.19,10317.6,0.058120105
2019.8.20,10917.26,-0.014353418
2019.8.21,10760.56,-0.05865494
2019.8.22,10129.4,-0.001719746
2019.8.23,10111.98,0.029057613
2019.8.24,10405.81,-0.025179203
2019.8.25,10143.8,-0.00086161
2019.8.26,10135.06,0.022221871
2019.8.27,10360.28,-0.01817808
2019.8.28,10171.95,-0.044645324
2019.8.29,9717.82,-0.024004355
2019.8.30,9484.55,0.009851812
2019.8.31,9577.99,0.002391942
2019.9.1,9600.9,0.017591059
2019.9.2,9769.79,0.063138512
2019.9.3,10386.64,0.022591521
2019.9.4,10621.29,-0.003495809
2019.9.5,10584.16,-0.000600898
2019.9.6,10577.8,-0.024610978
2019.9.7,10317.47,0.016451708
2019.9.8,10487.21,-0.007714158
2019.9.9,10406.31,-0.008903252
2019.9.10,10313.66,-0.020616348
2019.9.11,10101.03,0.005770699
2019.9.12,10159.32,0.025674947
2019.9.13,10420.16,-0.005399149
2019.9.14,10363.9,-0.000247976
2019.9.15,10361.33,-0.004912497
2019.9.16,10310.43,-0.004345115
2019.9.17,10265.63,-0.007332234
2019.9.18,10190.36,-0.003215784
2019.9.19,10157.59,0.011645479
2019.9.20,10275.88,-0.01000109
2019.9.21,10173.11,-0.019032528
2019.9.22,9979.49,0.005367008
2019.9.23,10033.05,-0.034851815
2019.9.24,9683.38,-0.116671038
2019.9.25,8553.61,-0.0141905
2019.9.26,8432.23,-0.044660784
2019.9.27,8055.64,0.01716313
2019.9.28,8193.9,0.003795506
2019.9.29,8225,-0.020457143
2019.9.30,8056.74,0.03115404
2019.10.1,8307.74,0.001827212
2019.10.2,8322.92,0.007102075
2019.10.3,8382.03,-0.017401513
2019.10.4,8236.17,-0.009797029
2019.10.5,8155.48,-0.000955186
2019.10.6,8147.69,-0.034113964
2019.10.7,7869.74,0.043493178
2019.10.8,8212.02,-0.002681435
2019.10.9,8190,0.048586081
2019.10.10,8587.92,-0.000118771
2019.10.11,8586.9,-0.036936496
2019.10.12,8269.73,0.00462893
2019.10.13,8308.01,-0.00291887
2019.10.14,8283.76,0.008423711
2019.10.15,8353.54,-0.022910048
2019.10.16,8162.16,-0.019559773
2019.10.17,8002.51,0.009280838
2019.10.18,8076.78,-0.015183031
2019.10.19,7954.15,0.000740494
2019.10.20,7960.04,0.034047568
2019.10.21,8231.06,-0.001037533
2019.10.22,8222.52,-0.023807786
2019.10.23,8026.76,-0.069417797
2019.10.24,7469.56,-0.005044474
2019.10.25,7431.88,0.166163878
2019.10.26,8666.79,0.068423257
2019.10.27,9259.8,0.03150608
2019.10.28,9551.54,-0.034840455
2019.10.29,9218.76,0.023277534
2019.10.30,9433.35,-0.028487229
2019.10.31,9164.62,-0.001815678
2019.11.1,9147.98,0.011479037
2019.11.2,9252.99,0.005208046
2019.11.3,9301.18,-0.010215908
2019.11.4,9206.16,0.023016111
2019.11.5,9418.05,-0.011452477
2019.11.6,9310.19,0.003560615
2019.11.7,9343.34,-0.01488761
2019.11.8,9204.24,-0.047608493
2019.11.9,8766.04,0.004947502
2019.11.10,8809.41,0.025848496
2019.11.11,9037.12,-0.035333159
2019.11.12,8717.81,0.009602182
2019.11.13,8801.52,-0.004442414
2019.11.14,8762.42,-0.014847496
2019.11.15,8632.32,-0.020229788
2019.11.16,8457.69,0.002957072
2019.11.17,8482.7,0.002502741
2019.11.18,8503.93,-0.038563347
2019.11.19,8175.99,-0.006750253
2019.11.20,8120.8,-0.004801251
2019.11.21,8081.81,-0.057504445
2019.11.22,7617.07,-0.04341827
2019.11.23,7286.35,0.005171313
2019.11.24,7324.03,-0.056885349
2019.11.25,6907.4,0.032262501
2019.11.26,7130.25,0.004681463
2019.11.27,7163.63,0.050281771
2019.11.28,7523.83,-0.012338131
2019.11.29,7431,0.043933522
2019.11.30,7757.47,-0.025749374
2019.12.1,7557.72,-0.0205128
2019.12.2,7402.69,-0.012576509
2019.12.3,7309.59,-0.00175386
2019.12.4,7296.77,-0.014241918
2019.12.5,7192.85,0.028239154
2019.12.6,7395.97,0.02044627
2019.12.7,7547.19,-0.005612685
2019.12.8,7504.83,0.002339826
2019.12.9,7522.39,-0.02458926
2019.12.10,7337.42,-0.015899322
2019.12.11,7220.76,-0.002555133
2019.12.12,7202.31,-0.001825803
2019.12.13,7189.16,0.008722855
2019.12.14,7251.87,-0.025390692
2019.12.15,7067.74,0.006140577
2019.12.16,7111.14,-0.032568618
2019.12.17,6879.54,-0.038871785
2019.12.18,6612.12,0.10165726
2019.12.19,7284.29,-0.018317502
2019.12.20,7150.86,0.005497241
2019.12.21,7190.17,-0.00653253
2019.12.22,7143.2,0.051966906
2019.12.23,7514.41,-0.025594824
2019.12.24,7322.08,-0.009749962
2019.12.25,7250.69,-0.007995101
2019.12.26,7192.72,0.000233569
2019.12.27,7194.4,0.006884521
2019.12.28,7243.93,0.007887983
2019.12.29,7301.07,0.011544883
2019.12.30,7385.36,-0.022444404
2019.12.31,7219.6,-0.007104272
2020.1.1,7168.31,0.001028136
2020.1.2,7175.68,-0.032240847
2020.1.3,6944.33,0.055011787
2020.1.4,7326.35,0.002940072
2020.1.5,7347.89,0.000500824
2020.1.6,7351.57,0.055453461
2020.1.7,7759.24,0.052354354
2020.1.8,8165.47,-0.015041388
2020.1.9,8042.65,-0.027942283
2020.1.10,7817.92,0.046910176
2020.1.11,8184.66,-0.019936076
2020.1.12,8021.49,0.019008937
2020.1.13,8173.97,-0.008408399
2020.1.14,8105.24,0.090951039
2020.1.15,8842.42,-0.003226492
2020.1.16,8813.89,-0.010422186
2020.1.17,8722.03,0.020443635
2020.1.18,8900.34,0.001180854
2020.1.19,8910.85,-0.023285096
2020.1.20,8703.36,-0.008834519
2020.1.21,8626.47,0.011104194
2020.1.22,8722.26,-0.007259586
2020.1.23,8658.94,-0.0312775
2020.1.24,8388.11,0.004775808
2020.1.25,8428.17,-0.011961078
2020.1.26,8327.36,0.031349671
2020.1.27,8588.42,0.035787723
2020.1.28,8895.78,0.05507218
2020.1.29,9385.69,-0.011281003
2020.1.30,9279.81,0.02398325
2020.1.31,9502.37,-0.017742942
2020.2.1,9333.77,0.004748349
2020.2.2,9378.09,-0.006774301
2020.2.3,9314.56,-0.016363629
2020.2.4,9162.14,0
2020.2.5,9162.14,0.049416403
2020.2.6,9614.9,0.014639778
2020.2.7,9755.66,0.005317939
2020.2.8,9807.54,0.010153413
2020.2.9,9907.12,0.025768336
2020.2.10,10162.41,-0.030270379
2020.2.11,9854.79,0.042678738
2020.2.12,10275.38,0.007680495
2020.2.13,10354.3,-0.010804207
2020.2.14,10242.43,0.012311532
2020.2.15,10368.53,-0.044785519
2020.2.16,9904.17,0.003382414
2020.2.17,9937.67,-0.023520604
2020.2.18,9703.93,0.049126488
2020.2.19,10180.65,-0.056571044
2020.2.20,9604.72,0.000222807
2020.2.21,9606.86,0.00933916
2020.2.22,9696.58,-0.00277933
2020.2.23,9669.63,0.033068483
2020.2.24,9989.39,-0.032598587
2020.2.25,9663.75,-0.03669383
2020.2.26,9309.15,-0.056248959
2020.2.27,8785.52,0.002185414
2020.2.28,8804.72,-0.010490964
2020.2.29,8712.35,-0.020451428
2020.3.1,8534.17,0.044368697
2020.3.2,8912.82,0
2020.3.3,8912.82,-0.017781129
2020.3.4,8754.34,0.000520884
2020.3.5,8758.9,0.035220176
2020.3.6,9067.39,0.009760251
2020.3.7,9155.89,-0.02809776
2020.3.8,8898.63,-0.096559808
2020.3.9,8039.38,-0.013364215
2020.3.10,7931.94,-0.005859853
2020.3.11,7885.46,0.006491695
2020.3.12,7936.65,-0.391404434
2020.3.13,4830.21,0.161239366
2020.3.14,5609.03,-0.078938783
2020.3.15,5166.26,0.035263421
2020.3.16,5348.44,-0.060221298
2020.3.17,5026.35,0.065904682
2020.3.18,5357.61,0.009821544
2020.3.19,5410.23,0.14508995
2020.3.20,6195.2,0.005042614
2020.3.21,6226.44,-0.005876552
2020.3.22,6189.85,-0.05932777
2020.3.23,5822.62,0.116706912
2020.3.24,6502.16,0.040960235
2020.3.25,6768.49,-0.010346473
2020.3.26,6698.46,0.009747016
2020.3.27,6763.75,-0.058349288
2020.3.28,6369.09,-0.016978878
2020.3.29,6260.95,-0.059981313
2020.3.30,5885.41,0.088333693
2020.3.31,6405.29,0.003589221
2020.4.1,6428.28,0.034937806
2020.4.2,6652.87,0.023484601
2020.4.3,6809.11,-0.009904378
2020.4.4,6741.67,0.019286023
2020.4.5,6871.69,-0.013715694
2020.4.6,6777.44,0.083476947
2020.4.7,7343.2,-0.018745234
2020.4.8,7205.55,0.022132939
2020.4.9,7365.03,-0.009686315
2020.4.10,7293.69,-0.057645718
2020.4.11,6873.24,0.002671229
2020.4.12,6891.6,0.003449126
2020.4.13,6915.37,-0.008345179
2020.4.14,6857.66,0.002083801
2020.4.15,6871.95,-0.036110565
2020.4.16,6623.8,0.073744678
2020.4.17,7112.27,-0.010879789
2020.4.18,7034.89,0.031908104
2020.4.19,7259.36,-0.017814243
2020.4.20,7130.04,-0.040644933
2020.4.21,6840.24,0.001795259
2020.4.22,6852.52,0.040637605
2020.4.23,7130.99,0.048606154
2020.4.24,7477.6,0.003942441
2020.4.25,7507.08,0.00565333
2020.4.26,7549.52,0.019835698
2020.4.27,7699.27,0.011869957
2020.4.28,7790.66,-0.003251329
2020.4.29,7765.33,0.130361491
2020.4.30,8777.63,-0.01695902
2020.5.1,8628.77,0.022701961
2020.5.2,8824.66,0.016902634
2020.5.3,8973.82,-0.007785982
2020.5.4,8903.95,-0.002023821
2020.5.5,8885.93,0.016321308
2020.5.6,9030.96,0.015483404
2020.5.7,9170.79,0.090689025
2020.5.8,10002.48,-0.01806352
2020.5.9,9821.8,-0.029975157
2020.5.10,9527.39,-0.08112715
2020.5.11,8754.46,-0.015673154
2020.5.12,8617.25,0.022893615
2020.5.13,8814.53,0.05574886
2020.5.14,9305.93,0.052050682
2020.5.15,9790.31,-0.049714463
2020.5.16,9303.59,0.008825625
2020.5.17,9385.7,0.030226834
2020.5.18,9669.4,0.005167849
2020.5.19,9719.37,0.006828632
2020.5.20,9785.74,-0.028109269
2020.5.21,9510.67,-0.047641228
2020.5.22,9057.57,0.012110312
2020.5.23,9167.26,0.001206467
2020.5.24,9178.32,-0.048766005
2020.5.25,8730.73,0.019348898
2020.5.26,8899.66,-0.00638339
2020.5.27,8842.85,0.040110372
2020.5.28,9197.54,0.040409718
2020.5.29,9569.21,-0.014967798
2020.5.30,9425.98,0.028869147
2020.5.31,9698.1,-0.025495716
2020.6.1,9450.84,0.079716724
2020.6.2,10204.23,-0.066507713
2020.6.3,9525.57,0.013906779
2020.6.4,9658.04,0.014135373
2020.6.5,9794.56,-0.017439272
2020.6.6,9623.75,0.0048505
2020.6.7,9670.43,0.008626297
2020.6.8,9753.85,0.002946529
2020.6.9,9782.59,-0.000760535
2020.6.10,9775.15,0.01196708
2020.6.11,9892.13,-0.061231504
2020.6.12,9286.42,0.01868858
2020.6.13,9459.97,0.001430237
2020.6.14,9473.5,-0.015140128
2020.6.15,9330.07,0.010356835
2020.6.16,9426.7,0.010533909
2020.6.17,9526,-0.007473231
2020.6.18,9454.81,-0.007909202
2020.6.19,9380.03,-0.008515964
2020.6.20,9300.15,0.00615904
2020.6.21,9357.43,-0.007763884
2020.6.22,9284.78,0.043848104
2020.6.23,9691.9,-0.007264829
2020.6.24,9621.49,-0.035847878
2020.6.25,9276.58,-0.003851635
2020.6.26,9240.85,-0.009349789
2020.6.27,9154.45,-0.016409506
2020.6.28,9004.23,0.0136869
2020.6.29,9127.47,0.006341297
2020.6.30,9185.35,-0.00559369
2020.7.1,9133.97,0.011211992
2020.7.2,9236.38,-0.016066901
2020.7.3,9087.98,-0.001712152
2020.7.4,9072.42,0.006491102
2020.7.5,9131.31,-0.004623652
2020.7.6,9089.09,0.02858592
2020.7.7,9348.91,-0.009913455
2020.7.8,9256.23,0.019861218
2020.7.9,9440.07,-0.021401324
2020.7.10,9238.04,0.005343125
2020.7.11,9287.4,-0.005538687
2020.7.12,9235.96,0.006489851
2020.7.13,9295.9,-0.006214568
2020.7.14,9238.13,0.001774169
2020.7.15,9254.52,-0.006592454
2020.7.16,9193.51,-0.006799362
2020.7.17,9131,0.0025397
2020.7.18,9154.19,0.002241596
2020.7.19,9174.71,0.004354361
2020.7.20,9214.66,-0.005511869
2020.7.21,9163.87,0.024966526
2020.7.22,9392.66,0.015409905
2020.7.23,9537.4,0.007938222
2020.7.24,9613.11,-0.006431842
2020.7.25,9551.28,0.016355923
2020.7.26,9707.5,0.023830028
2020.7.27,9938.83,0.111036208
2020.7.28,11042.4,-0.00973158
2020.7.29,10934.94,0.015338904
2020.7.30,11102.67,0.001104239
2020.7.31,11114.93,0.02059842
2020.8.1,11343.88,0.042296816
2020.8.2,11823.69,-0.063086904
2020.8.3,11077.77,0.01487664
2020.8.4,11242.57,-0.00429795
2020.8.5,11194.25,0.049671036
2020.8.6,11750.28,0.001928465
2020.8.7,11772.94,-0.014213952
2020.8.8,11605.6,0.013958779
2020.8.9,11767.6,-0.007099154
2020.8.10,11684.06,0.01788505
2020.8.11,11893.03,-0.042091881
2020.8.12,11392.43,0.015859654
2020.8.13,11573.11,0.017654719
2020.8.14,11777.43,-0.00025897
2020.8.15,11774.38,0.008459044
2020.8.16,11873.98,0.003371237
2020.8.17,11914.01,0.031870881
2020.8.18,12293.72,-0.026370374
2020.8.19,11969.53,-0.019677464
2020.8.20,11734,0.011234021
2020.8.21,11865.82,-0.028908242
2020.8.22,11522.8,0.013941056
2020.8.23,11683.44,-0.002603685
2020.8.24,11653.02,0.009517704
2020.8.25,11763.93,-0.036257441
2020.8.26,11337.4,0.011463828
2020.8.27,11467.37,-0.014420046
2020.8.28,11302.01,0.020592797
2020.8.29,11534.75,-0.004604348
2020.8.30,11481.64,0.019695793
2020.8.31,11707.78,-0.004117775
2020.9.1,11659.57,0.022614899
2020.9.2,11923.25,-0.044099553
2020.9.3,11397.44,-0.10615805
2020.9.4,10187.51,0.027521936
2020.9.5,10467.89,-0.029449106
2020.9.6,10159.62,0.009381256
2020.9.7,10254.93,0.011000563
2020.9.8,10367.74,-0.023748667
2020.9.9,10121.52,0.010503363
2020.9.10,10227.83,0.012204935
2020.9.11,10352.66,0.004132271
2020.9.12,10395.44,0.004905997
2020.9.13,10446.44,-0.011072672
2020.9.14,10330.77,0.033285999
2020.9.15,10674.64,0.010396604
2020.9.16,10785.62,0.015095099
2020.9.17,10948.43,-0.000414671
2020.9.18,10943.89,-0.00110564
2020.9.19,10931.79,0.013688518
2020.9.20,11081.43,-0.014599199
2020.9.21,10919.65,-0.044799055
2020.9.22,10430.46,0.009756041
2020.9.23,10532.22,-0.028269444
2020.9.24,10234.48,0.048654157
2020.9.25,10732.43,-0.00368882
2020.9.26,10692.84,0.003699672
2020.9.27,10732.4,0.003898476
2020.9.28,10774.24,-0.007602392
2020.9.29,10692.33,0.013885654
2020.9.30,10840.8,-0.00580031
2020.10.1,10777.92,-0.014722692
2020.10.2,10619.24,-0.004160373
2020.10.3,10575.06,-0.002202352
2020.10.4,10551.77,0.011532662
2020.10.5,10673.46,0.010783757
2020.10.6,10788.56,-0.017131109
2020.10.7,10603.74,0.006324184
2020.10.8,10670.8,0.023662706
2020.10.9,10923.3,0.012806569
2020.10.10,11063.19,0.021646559
2020.10.11,11302.67,0.006541817
2020.10.12,11376.61,0.014365439
2020.10.13,11540.04,-0.009688008
2020.10.14,11428.24,0.000269508
2020.10.15,11431.32,0.006334352
2020.10.16,11503.73,-0.015313294
2020.10.17,11327.57,0.00343763
2020.10.18,11366.51,0.012465568
2020.10.19,11508.2,0.021720165
2020.10.20,11758.16,0.014228417
2020.10.21,11925.46,0.075980298
2020.10.22,12831.56,0.012367163
2020.10.23,12990.25,-0.003520333
2020.10.24,12944.52,0.014209874
2020.10.25,13128.46,-0.006984064
2020.10.26,13036.77,0.003037562
2020.10.27,13076.37,0.043980095
2020.10.28,13651.47,-0.026551719
2020.10.29,13289,0.01276695
2020.10.30,13458.66,0.007880428
2020.10.31,13564.72,0.018105792
2020.11.1,13810.32,-0.003724751
2020.11.2,13758.88,-0.013352104
2020.11.3,13575.17,0.033011741
2020.11.4,14023.31,0.009432866
2020.11.5,14155.59,0.101429894
2020.11.6,15591.39,0.000280924
2020.11.7,15595.77,-0.048470194
2020.11.8,14839.84,0.043852225
2020.11.9,15490.6,-0.010462474
2020.11.10,15328.53,-0.000749583
2020.11.11,15317.04,0.02556695
2020.11.12,15708.65,0.037362854
2020.11.13,16295.57,0.002685392
2020.11.14,16339.33,-0.015194013
2020.11.15,16091.07,-0.007638398
2020.11.16,15968.16,0.047406213
2020.11.17,16725.15,0.057073928
2020.11.18,17679.72,0.006715604
2020.11.19,17798.45,0.001242805
2020.11.20,17820.57,0.048644909
2020.11.21,18687.45,0.000658196
2020.11.22,18699.75,-0.014838166
2020.11.23,18422.28,-0.001268573
2020.11.24,18398.91,0.042046513
2020.11.25,19172.52,-0.022569803
2020.11.26,18739.8,-0.084758642
2020.11.27,17151.44,-0.000732883
2020.11.28,17138.87,0.034631805
2020.11.29,17732.42,0.025894943
2020.11.30,18191.6,0.083452253
2020.12.1,19709.73,-0.046535899
2020.12.2,18792.52,0.023118241
2020.12.3,19226.97,0.011835978
2020.12.4,19454.54,-0.040301647
2020.12.5,18670.49,0.025953791
2020.12.6,19155.06,0.01162095
2020.12.7,19377.66,-0.010127642
2020.12.8,19181.41,-0.044967497
2020.12.9,18318.87,0.012843587
2020.12.10,18554.15,-0.016513287
2020.12.11,18247.76,-0.011968592
2020.12.12,18029.36,0.042934414
2020.12.13,18803.44,0.019200742
2020.12.14,19164.48,0.005849885
2020.12.15,19276.59,0.008464153
2020.12.16,19439.75,0.099781633
2020.12.17,21379.48,0.068663036
2020.12.18,22847.46,0.013276312
2020.12.19,23150.79,0.031062871
2020.12.20,23869.92,-0.015891968
2020.12.21,23490.58,-0.031719098
2020.12.22,22745.48,0.047460419
2020.12.23,23824.99,-0.023992455
2020.12.24,23253.37,0.019874969
2020.12.25,23715.53,0.041240908
2020.12.26,24693.58,0.070853639
2020.12.27,26443.21,-0.007435935
2020.12.28,26246.58,0.030103351
2020.12.29,27036.69,0.012563668
2020.12.30,27376.37,0.054069258
2020.12.31,28856.59,0.004365381
2021.1.1,28982.56,0.014187498
2021.1.2,29393.75,0.095316521
2021.1.3,32195.46,0.025013465
2021.1.4,33000.78,-0.02926446
2021.1.5,32035.03,0.062795009
2021.1.6,34046.67,0.082643618
2021.1.7,36860.41,0.071231709
2021.1.8,39486.04,0.029990599
2021.1.9,40670.25,-0.010561283
2021.1.10,40240.72,-0.049716556
2021.1.11,38240.09,-0.070479698
2021.1.12,35544.94,-0.043131878
2021.1.13,34011.82,0.099415733
2021.1.14,37393.13,0.047210276
2021.1.15,39158.47,-0.059500537
2021.1.16,36828.52,-0.020726328
2021.1.17,36065.2,-0.007547165
2021.1.18,35793.01,0.02344983
2021.1.19,36632.35,-0.016712551
2021.1.20,36020.13,-0.013357809
2021.1.21,35538.98,-0.13340563
2021.1.22,30797.88,0.071579602
2021.1.23,33002.38,-0.027350755
2021.1.24,32099.74,0.005517179
2021.1.25,32276.84,-0.001040374
2021.1.26,32243.26,0.009258989
2021.1.27,32541.8,-0.065227799
2021.1.28,30419.17,0.098096036
2021.1.29,33403.17,0.027275555
2021.1.30,34314.26,0.000111907
2021.1.31,34318.1,-0.034431976
2021.2.1,33136.46,0.011662079
2021.2.2,33522.9,0.059862363
2021.2.3,35529.66,0.060416846
2021.2.4,37676.25,-0.017893501
2021.2.5,37002.09,0.034498592
2021.2.6,38278.61,0.027290698
2021.2.7,39323.26,-0.010049014
2021.2.8,38928.1,0.191023965
2021.2.9,46364.3,0.004858911
2021.2.10,46589.58,-0.03673375
2021.2.11,44878.17,0.069860469
2021.2.12,48013.38,-0.011288103
2021.2.13,47471.4,-0.006029104
2021.2.14,47185.19,0.032535209
2021.2.15,48720.37,-0.0157741
2021.2.16,47951.85,0.025197151
2021.2.17,49160.1,0.060173393
2021.2.18,52118.23,-0.009786979
2021.2.19,51608.15,0.083481969
2021.2.20,55916.5,0.001514759
2021.2.21,56001.2,0.026546931
2021.2.22,57487.86,-0.058524704
2021.2.23,54123.4,-0.09687067
2021.2.24,48880.43,0.035687288
2021.2.25,50624.84,-0.075544338
2021.2.26,46800.42,-0.009831322
2021.2.27,46340.31,-0.00398012
2021.2.28,46155.87,-0.022574593
2021.3.1,45113.92,0.099847453
2021.3.2,49618.43,-0.025441958
2021.3.3,48356.04,0.043875801
2021.3.4,50477.7,-0.040191807
2021.3.5,48448.91,0.008513504
2021.3.6,48861.38,0.000413619
2021.3.7,48881.59,0.046809238
2021.3.8,51169.7,0.022076151
2021.3.9,52299.33,0.04937329
2021.3.10,54881.52,0.02032943
2021.3.11,55997.23,0.031551025
2021.3.12,57764,-0.008841493
2021.3.13,57253.28,0.069960184
2021.3.14,61258.73,-0.034693178
2021.3.15,59133.47,-0.057137692
2021.3.16,55754.72,0.020046016
2021.3.17,56872.38,0.035880686
2021.3.18,58913,-0.021168503
2021.3.19,57665.9,0.007096048
2021.3.20,58075.1,0.000184244
2021.3.21,58085.8,-0.01161437
2021.3.22,57411.17,-0.055846449
2021.3.23,54204.96,0.005027215
2021.3.24,54477.46,-0.03614761
2021.3.25,52508.23,-0.020802644
2021.3.26,51415.92,0.071155977
2021.3.27,55074.47,0.014334409
2021.3.28,55863.93,-0.001435989
2021.3.29,55783.71,0.033055528
2021.3.30,57627.67,0.01913074
2021.3.31,58730.13,8.71784E-05
2021.4.1,58735.25,2.84327E-05
2021.4.2,58736.92,0.00501218
2021.4.3,59031.32,-0.033115133
2021.4.4,57076.49,0.019799045
2021.4.5,58206.55,0.014561076
2021.4.6,59054.1,-0.017503272
2021.4.7,58020.46,-0.03573205
2021.4.8,55947.27,0.037558937
2021.4.9,58048.59,0.000930083
2021.4.10,58102.58,0.028766709
2021.4.11,59774,0.003193194
2021.4.12,59964.87,-0.002170104
2021.4.13,59834.74,0.062166227
2021.4.14,63554.44,-0.009209742
2021.4.15,62969.12,0.004502366
2021.4.16,63252.63,-0.028404353
2021.4.17,61455.98,-0.022274317
2021.4.18,60087.09,-0.063834178
2021.4.19,56251.48,-0.00974801
2021.4.20,55703.14,0.01444748
2021.4.21,56507.91,-0.047765171
2021.4.22,53808.8,-0.038601307
2021.4.23,51731.71,-0.011184243
2021.4.24,51153.13,-0.020381939
2021.4.25,50110.53,-0.020653344
2021.4.26,49075.58,0.101497731
2021.4.27,54056.64,0.018773272
2021.4.28,55071.46,-0.003402125
2021.4.29,54884.1,-0.023685366
2021.4.30,53584.15,0.078614105
2021.5.1,57796.62,0.001053349
2021.5.2,57857.5,-0.021553645
2021.5.3,56610.46,0.010649445
2021.5.4,57213.33,-0.069417564
2021.5.5,53241.72,0.079477335
2021.5.6,57473.23,-0.018183596
2021.5.7,56428.16,0.016872958
2021.5.8,57380.27,0.026987325
2021.5.9,58928.81,-0.010997677
2021.5.10,58280.73,-0.041132464
2021.5.11,55883.5,0.015505471
2021.5.12,56750,-0.136438943
2021.5.13,49007.09,0.014185294
2021.5.14,49702.27,0.004431387
2021.5.15,49922.52,-0.063817692
2021.5.16,46736.58,-0.006310689
2021.5.17,46441.64,-0.061268293
2021.5.18,43596.24,-0.015690573
2021.5.19,42912.19,-0.138606769
2021.5.20,36964.27,0.103344392
2021.5.21,40784.32,-0.085914636
2021.5.22,37280.35,0.006650957
2021.5.23,37528.3,-0.073911155
2021.5.24,34754.54,0.114346212
2021.5.25,38728.59,-0.008213312
2021.5.26,38410.5,0.022273597
2021.5.27,39266.04,-0.020902286
2021.5.28,38445.29,-0.071677701
2021.5.29,35689.62,-0.029194763
2021.5.30,34647.67,0.029927554
2021.5.31,35684.59,0.045564486
2021.6.1,37310.54,-0.017365066
2021.6.2,36662.64,0.025164582
2021.6.3,37585.24,0.042659033
2021.6.4,39188.59,-0.058769147
2021.6.5,36885.51,-0.036738817
2021.6.6,35530.38,0.008043539
2021.6.7,35816.17,-0.064253101
2021.6.8,33514.87,-0.00192989
2021.6.9,33450.19,0.116237606
2021.6.10,37338.36,-0.016974232
2021.6.11,36704.57,0.016581314
2021.6.12,37313.18,-0.048730234
2021.6.13,35494.9,0.100631922
2021.6.14,39066.82,0.037345758
2021.6.15,40525.8,-0.008321612
2021.6.16,40188.56,-0.046373645
2021.6.17,38324.87,-0.006701393
2021.6.18,38068.04,-0.061422127
2021.6.19,35729.82,-0.005755697
2021.6.20,35524.17,0.001919257
2021.6.21,35592.35,-0.109737064
2021.6.22,31686.55,0.024017761
2021.6.23,32447.59,0.037816984
2021.6.24,33674.66,0.028648248
2021.6.25,34639.38,-0.086571988
2021.6.26,31640.58,0.016445021
2021.6.27,32160.91,0.077222317
2021.6.28,34644.45,-0.005420204
2021.6.29,34456.67,0.040370413
2021.6.30,35847.7,-0.022326119
2021.7.1,35047.36,-0.043098253
2021.7.2,33536.88,0.009541138
2021.7.3,33856.86,0.024577589
2021.7.4,34688.98,0.017882336
2021.7.5,35309.3,-0.044218662
2021.7.6,33747.97,0.013720529
2021.7.7,34211.01,-0.010872816
2021.7.8,33839.04,-0.028417768
2021.7.9,32877.41,0.028624822
2021.7.10,33818.52,-0.008958109
2021.7.11,33515.57,0.021245946
2021.7.12,34227.64,-0.031243463
2021.7.13,33158.25,-0.014225419
2021.7.14,32686.56,0.003917512
2021.7.15,32814.61,-0.032790882
2021.7.16,31738.59,-0.009998554
2021.7.17,31421.25,0.003163782
2021.7.18,31520.66,0.008338341
2021.7.19,31783.49,-0.030441906
2021.7.20,30815.94,-0.033284722
2021.7.21,29790.24,0.078140357
2021.7.22,32118.06,0.005599031
2021.7.23,32297.89,0.039746869
2021.7.24,33581.63,0.020776538
2021.7.25,34279.34,0.031676806
2021.7.26,35365.2,0.055222083
2021.7.27,37318.14,0.05594625
2021.7.28,39405.95,0.015139338
2021.7.29,40002.53,8.49946E-05
2021.7.30,40005.93,0.055197317
2021.7.31,42214.15,-0.013149382
2021.8.1,41659.06,-0.039813668
2021.8.2,40000.46,-0.020162768
2021.8.3,39193.94,-0.02694141
2021.8.4,38138,0.042271226
2021.8.5,39750.14,0.028474365
2021.8.6,40882,0.047550267
2021.8.7,42825.95,0.042221597
2021.8.8,44634.13,-0.018326559
2021.8.9,43816.14,0.057451889
2021.8.10,46333.46,-0.015649382
2021.8.11,45608.37,6.77507E-05
2021.8.12,45611.46,-0.026170616
2021.8.13,44417.78,0.076910643
2021.8.14,47833.98,-0.015089482
2021.8.15,47112.19,-0.001183982
2021.8.16,47056.41,-0.022820695
2021.8.17,45982.55,-0.02901057
2021.8.18,44648.57,0.002895725
2021.8.19,44777.86,0.043699945
2021.8.20,46734.65,0.055485598
2021.8.21,49327.75,-0.008022462
2021.8.22,48932.02,0.008249404
2021.8.23,49335.68,0.003806981
2021.8.24,49523.5,-0.035920725
2021.8.25,47744.58,0.025709934
2021.8.26,48972.09,-0.041029288
2021.8.27,46962.8,0.04458976
2021.8.28,49056.86,-0.003245418
2021.8.29,48897.65,-0.001858372
2021.8.30,48806.78,-0.035487078
2021.8.31,47074.77,0.001722791
2021.9.1,47155.87,0.036196766
2021.9.2,48862.76,0.009542032
2021.9.3,49329.01,0.014318552
2021.9.4,50035.33,-0.001757758
2021.9.5,49947.38,0.036471983
2021.9.6,51769.06,0.017546001
2021.9.7,52677.4,-0.111399386
2021.9.8,46809.17,-0.015612112
2021.9.9,46078.38,0.006300352
2021.9.10,46368.69,-1
