,Date,USD (PM),syl
0,2016.9.12,1324.6,-0.000717198
1,2016.9.13,1323.65,-0.001435425
2,2016.9.14,1321.75,-0.008284471
3,2016.9.15,1310.8,-0.001869088
4,2016.9.16,1308.35,0
5,2016.9.17,1308.35,0
6,2016.9.18,1308.35,0.00496809
7,2016.9.19,1314.85,-0.00079857
8,2016.9.20,1313.8,0.009362156
9,2016.9.21,1326.1,0.009803182
10,2016.9.22,1339.1,-0.000336047
11,2016.9.23,1338.65,0
12,2016.9.24,1338.65,0
13,2016.9.25,1338.65,0.001381989
14,2016.9.26,1340.5,-0.010070869
15,2016.9.27,1327,-0.003391108
16,2016.9.28,1322.5,-0.003327032
17,2016.9.29,1318.1,0.003338138
18,2016.9.30,1322.5,0
19,2016.10.1,1322.5,0
20,2016.10.2,1322.5,-0.006956522
21,2016.10.3,1313.3,-0.022843219
22,2016.10.4,1283.3,-0.01083145
23,2016.10.5,1269.4,-0.011737829
24,2016.10.6,1254.5,0.003387804
25,2016.10.7,1258.75,0
26,2016.10.8,1258.75,0
27,2016.10.9,1258.75,0.000595829
28,2016.10.10,1259.5,-0.004803493
29,2016.10.11,1253.45,0.002433284
30,2016.10.12,1256.5,0.00362117
31,2016.10.13,1261.05,-0.007374807
32,2016.10.14,1251.75,0
33,2016.10.15,1251.75,0
34,2016.10.16,1251.75,0.002436589
35,2016.10.17,1254.8,0.002709595
36,2016.10.18,1258.2,0.00862343
37,2016.10.19,1269.05,0.002048777
38,2016.10.20,1271.65,-0.004403727
39,2016.10.21,1266.05,0
40,2016.10.22,1266.05,0
41,2016.10.23,1266.05,-0.000394929
42,2016.10.24,1265.55,0.003042156
43,2016.10.25,1269.4,0.000866551
44,2016.10.26,1270.5,-0.00334514
45,2016.10.27,1266.25,0.005330701
46,2016.10.28,1273,0
47,2016.10.29,1273,0
48,2016.10.30,1273,-0.000785546
49,2016.10.31,1272,0.01293239
50,2016.11.1,1288.45,0.011874733
51,2016.11.2,1303.75,-0.0021093
52,2016.11.3,1301,0.001383551
53,2016.11.4,1302.8,0
54,2016.11.5,1302.8,0
55,2016.11.6,1302.8,-0.015159656
56,2016.11.7,1283.05,-0.000545575
57,2016.11.8,1282.35,-0.000740827
58,2016.11.9,1281.4,-0.010847511
59,2016.11.10,1267.5,-0.024497041
60,2016.11.11,1236.45,0
61,2016.11.12,1236.45,0
62,2016.11.13,1236.45,-0.018480327
63,2016.11.14,1213.6,0.01100033
64,2016.11.15,1226.95,0.001833816
65,2016.11.16,1229.2,-0.001993166
66,2016.11.17,1226.75,-0.012838802
67,2016.11.18,1211,0
68,2016.11.19,1211,0
69,2016.11.20,1211,0.002683732
70,2016.11.21,1214.25,-0.001647107
71,2016.11.22,1212.25,-0.022190142
72,2016.11.23,1185.35,0.000632725
73,2016.11.24,1186.1,0.001348959
74,2016.11.25,1187.7,0
75,2016.11.26,1187.7,0
76,2016.11.27,1187.7,-0.000589374
77,2016.11.28,1187,-0.000379107
78,2016.11.29,1186.55,-0.007121487
79,2016.11.30,1178.1,-0.013793396
80,2016.12.1,1161.85,0.010027112
81,2016.12.2,1173.5,0
82,2016.12.3,1173.5,0
83,2016.12.4,1173.5,-0.009629314
84,2016.12.5,1162.2,0.008862502
85,2016.12.6,1172.5,0.004392324
86,2016.12.7,1177.65,-0.005604382
87,2016.12.8,1171.05,-0.006361812
88,2016.12.9,1163.6,0
89,2016.12.10,1163.6,0
90,2016.12.11,1163.6,-0.006445514
91,2016.12.12,1156.1,0.002119194
92,2016.12.13,1158.55,0.003193647
93,2016.12.14,1162.25,-0.030372123
94,2016.12.15,1126.95,0.004126181
95,2016.12.16,1131.6,0
96,2016.12.17,1131.6,0
97,2016.12.18,1131.6,0.004109226
98,2016.12.19,1136.25,-0.009284928
99,2016.12.20,1125.7,0.007062272
100,2016.12.21,1133.65,-0.002028845
101,2016.12.22,1131.35,0
102,2016.12.23,1131.35,0
103,2016.12.24,1131.35,0
104,2016.12.25,1131.35,0
105,2016.12.26,1131.35,0
106,2016.12.27,1131.35,0.002872674
107,2016.12.28,1134.6,0.009959457
108,2016.12.29,1145.9,0
109,2016.12.30,1145.9,0
110,2016.12.31,1145.9,0
111,2017.1.1,1145.9,0
112,2017.1.2,1145.9,0.00445065
113,2017.1.3,1151,0.011511729
114,2017.1.4,1164.25,0.01069358
115,2017.1.5,1176.7,-0.000722359
116,2017.1.6,1175.85,0
117,2017.1.7,1175.85,0
118,2017.1.8,1175.85,0.002253689
119,2017.1.9,1178.5,0.009333899
120,2017.1.10,1189.5,-0.009205549
121,2017.1.11,1178.55,0.022485257
122,2017.1.12,1205.05,-0.012198664
123,2017.1.13,1190.35,0
124,2017.1.14,1190.35,0
125,2017.1.15,1190.35,0.010627126
126,2017.1.16,1203,0.01084788
127,2017.1.17,1216.05,-0.001069035
128,2017.1.18,1214.75,-0.015394114
129,2017.1.19,1196.05,0.003762385
130,2017.1.20,1200.55,0
131,2017.1.21,1200.55,0
132,2017.1.22,1200.55,0.010245304
133,2017.1.23,1212.85,0.003256792
134,2017.1.24,1216.8,-0.017915845
135,2017.1.25,1195,-0.004435146
136,2017.1.26,1189.7,-0.004076658
137,2017.1.27,1184.85,0
138,2017.1.28,1184.85,0
139,2017.1.29,1184.85,0.00670971
140,2017.1.30,1192.8,0.01676727
141,2017.1.31,1212.8,-0.007544525
142,2017.2.1,1203.65,0.015203755
143,2017.2.2,1221.95,-0.005523958
144,2017.2.3,1215.2,0
145,2017.2.4,1215.2,0
146,2017.2.5,1215.2,0.009504608
147,2017.2.6,1226.75,0.003464439
148,2017.2.7,1231,0.009017059
149,2017.2.8,1242.1,-0.004266967
150,2017.2.9,1236.8,-0.006872574
151,2017.2.10,1228.3,0
152,2017.2.11,1228.3,0
153,2017.2.12,1228.3,-0.004925507
154,2017.2.13,1222.25,0.006954387
155,2017.2.14,1230.75,-0.005159456
156,2017.2.15,1224.4,0.013190134
157,2017.2.16,1240.55,0.001128532
158,2017.2.17,1241.95,0
159,2017.2.18,1241.95,0
160,2017.2.19,1241.95,-0.003744112
161,2017.2.20,1237.3,-0.003313667
162,2017.2.21,1233.2,0.0027976
163,2017.2.22,1236.65,0.009097158
164,2017.2.23,1247.9,0.004607741
165,2017.2.24,1253.65,0
166,2017.2.25,1253.65,0
167,2017.2.26,1253.65,0.002831731
168,2017.2.27,1257.2,-0.001272669
169,2017.2.28,1255.6,-0.012105766
170,2017.3.1,1240.4,-0.001854241
171,2017.3.2,1238.1,-0.009369195
172,2017.3.3,1226.5,0
173,2017.3.4,1226.5,0
174,2017.3.5,1226.5,0.00362821
175,2017.3.6,1230.95,-0.011617044
176,2017.3.7,1216.65,-0.006123372
177,2017.3.8,1209.2,-0.002191532
178,2017.3.9,1206.55,-0.003232357
179,2017.3.10,1202.65,0
180,2017.3.11,1202.65,0
181,2017.3.12,1202.65,0.001288821
182,2017.3.13,1204.2,0.000332171
183,2017.3.14,1204.6,-0.004814876
184,2017.3.15,1198.8,0.025483817
185,2017.3.16,1229.35,0.000203359
186,2017.3.17,1229.6,0
187,2017.3.18,1229.6,0
188,2017.3.19,1229.6,0.002277163
189,2017.3.20,1232.4,0.007465109
190,2017.3.21,1241.6,0.006000322
191,2017.3.22,1249.05,-0.001240943
192,2017.3.23,1247.5,0
193,2017.3.24,1247.5,0
194,2017.3.25,1247.5,0
195,2017.3.26,1247.5,0.008056112
196,2017.3.27,1257.55,-0.000238559
197,2017.3.28,1257.25,-0.004891629
198,2017.3.29,1251.1,-0.001838382
199,2017.3.30,1248.8,-0.003163037
200,2017.3.31,1244.85,0
201,2017.4.1,1244.85,0
202,2017.4.2,1244.85,0.001927943
203,2017.4.3,1247.25,0.008338344
204,2017.4.4,1257.65,-0.009422335
205,2017.4.5,1245.8,0.00537807
206,2017.4.6,1252.5,0.011137725
207,2017.4.7,1266.45,0
208,2017.4.8,1266.45,0
209,2017.4.9,1266.45,-0.012949583
210,2017.4.10,1250.05,0.002279909
211,2017.4.11,1252.9,0.017080374
212,2017.4.12,1274.3,0.007729734
213,2017.4.13,1284.15,0
214,2017.4.14,1284.15,0
215,2017.4.15,1284.15,0
216,2017.4.16,1284.15,0
217,2017.4.17,1284.15,-0.004049371
218,2017.4.18,1278.95,7.81891E-05
219,2017.4.19,1279.05,0.002384582
220,2017.4.20,1282.1,-0.000194993
221,2017.4.21,1281.85,0
222,2017.4.22,1281.85,0
223,2017.4.23,1281.85,-0.009712525
224,2017.4.24,1269.4,-0.001260438
225,2017.4.25,1267.8,-0.004693169
226,2017.4.26,1261.85,0.000752863
227,2017.4.27,1262.8,0.002890402
228,2017.4.28,1266.45,0
229,2017.4.29,1266.45,0
230,2017.4.30,1266.45,0
231,2017.5.1,1266.45,-0.008685696
232,2017.5.2,1255.45,-0.004102115
233,2017.5.3,1250.3,-0.017475806
234,2017.5.4,1228.45,-0.000325614
235,2017.5.5,1228.05,0
236,2017.5.6,1228.05,0
237,2017.5.7,1228.05,0.001425023
238,2017.5.8,1229.8,-0.007643519
239,2017.5.9,1220.4,0.002089479
240,2017.5.10,1222.95,0.000163539
241,2017.5.11,1223.15,0.006622246
242,2017.5.12,1231.25,0
243,2017.5.13,1231.25,0
244,2017.5.14,1231.25,0.001664975
245,2017.5.15,1233.3,0.000729749
246,2017.5.16,1234.2,0.018797602
247,2017.5.17,1257.4,-0.001192938
248,2017.5.18,1255.9,-0.003105343
249,2017.5.19,1252,0
250,2017.5.20,1252,0
251,2017.5.21,1252,0.005471246
252,2017.5.22,1258.85,0.001072407
253,2017.5.23,1260.2,-0.006070465
254,2017.5.24,1252.55,0.003512834
255,2017.5.25,1256.95,0.00644417
256,2017.5.26,1265.05,0
257,2017.5.27,1265.05,0
258,2017.5.28,1265.05,0
259,2017.5.29,1265.05,-0.001857634
260,2017.5.30,1262.7,0.002771838
261,2017.5.31,1266.2,-0.001066182
262,2017.6.1,1264.85,0.007985137
263,2017.6.2,1274.95,0
264,2017.6.3,1274.95,0
265,2017.6.4,1274.95,0.003921722
266,2017.6.5,1279.95,0.010586351
267,2017.6.6,1293.5,-0.001932741
268,2017.6.7,1291,-0.013865221
269,2017.6.8,1273.1,-0.005144922
270,2017.6.9,1266.55,0
271,2017.6.10,1266.55,0
272,2017.6.11,1266.55,-0.000118432
273,2017.6.12,1266.4,-0.003474416
274,2017.6.13,1262,0.010697306
275,2017.6.14,1275.5,-0.016424931
276,2017.6.15,1254.55,0.000677534
277,2017.6.16,1255.4,0
278,2017.6.17,1255.4,0
279,2017.6.18,1255.4,-0.005775052
280,2017.6.19,1248.15,-0.004767055
281,2017.6.20,1242.2,0.000241507
282,2017.6.21,1242.5,0.00668008
283,2017.6.22,1250.8,0.003917493
284,2017.6.23,1255.7,0
285,2017.6.24,1255.7,0
286,2017.6.25,1255.7,-0.008322051
287,2017.6.26,1245.25,0.003453122
288,2017.6.27,1249.55,-0.001240447
289,2017.6.28,1248,-0.003605769
290,2017.6.29,1243.5,-0.001005227
291,2017.6.30,1242.25,0
292,2017.7.1,1242.25,0
293,2017.7.2,1242.25,-0.010464882
294,2017.7.3,1229.25,-0.004474273
295,2017.7.4,1223.75,-0.002819203
296,2017.7.5,1220.3,0.003769565
297,2017.7.6,1224.9,-0.007551637
298,2017.7.7,1215.65,0
299,2017.7.8,1215.65,0
300,2017.7.9,1215.65,-0.003084769
301,2017.7.10,1211.9,-0.000701378
302,2017.7.11,1211.05,0.006399405
303,2017.7.12,1218.8,8.20479E-05
304,2017.7.13,1218.9,0.009352695
305,2017.7.14,1230.3,0
306,2017.7.15,1230.3,0
307,2017.7.16,1230.3,0.003088678
308,2017.7.17,1234.1,0.005388542
309,2017.7.18,1240.75,0.00112835
310,2017.7.19,1242.15,-0.002777442
311,2017.7.20,1238.7,0.007951885
312,2017.7.21,1248.55,0
313,2017.7.22,1248.55,0
314,2017.7.23,1248.55,0.005606504
315,2017.7.24,1255.55,-0.000915933
316,2017.7.25,1254.4,-0.005022321
317,2017.7.26,1248.1,0.010415832
318,2017.7.27,1261.1,0.003013242
319,2017.7.28,1264.9,0
320,2017.7.29,1264.9,0
321,2017.7.30,1264.9,0.002095027
322,2017.7.31,1267.55,0.00268234
323,2017.8.1,1270.95,-0.001062198
324,2017.8.2,1269.6,-0.001181474
325,2017.8.3,1268.1,-0.008201246
326,2017.8.4,1257.7,0
327,2017.8.5,1257.7,0
328,2017.8.6,1257.7,0.000238531
329,2017.8.7,1258,0.003020668
330,2017.8.8,1261.8,0.007330797
331,2017.8.9,1271.05,0.010503127
332,2017.8.10,1284.4,0.001323575
333,2017.8.11,1286.1,0
334,2017.8.12,1286.1,0
335,2017.8.13,1286.1,-0.002954669
336,2017.8.14,1282.3,-0.009358185
337,2017.8.15,1270.3,0.001928678
338,2017.8.16,1272.75,0.009742683
339,2017.8.17,1285.15,0.00828697
340,2017.8.18,1295.8,0
341,2017.8.19,1295.8,0
342,2017.8.20,1295.8,-0.002238
343,2017.8.21,1292.9,-0.006729059
344,2017.8.22,1284.2,0.001907803
345,2017.8.23,1286.65,0.001826449
346,2017.8.24,1289,-0.002870442
347,2017.8.25,1285.3,0
348,2017.8.26,1285.3,0
349,2017.8.27,1285.3,0
350,2017.8.28,1285.3,0.02594725
351,2017.8.29,1318.65,-0.007697266
352,2017.8.30,1308.5,0.00248376
353,2017.8.31,1311.75,0.006594244
354,2017.9.1,1320.4,0
355,2017.9.2,1320.4,0
356,2017.9.3,1320.4,0.009618297
357,2017.9.4,1333.1,0.001837822
358,2017.9.5,1335.55,0.001722137
359,2017.9.6,1337.85,0.004223194
360,2017.9.7,1343.5,0.002046892
361,2017.9.8,1346.25,0
362,2017.9.9,1346.25,0
363,2017.9.10,1346.25,-0.008950789
364,2017.9.11,1334.2,-0.005771249
365,2017.9.12,1326.5,0.000791557
366,2017.9.13,1327.55,-0.002259802
367,2017.9.14,1324.55,-0.001283455
368,2017.9.15,1322.85,0
369,2017.9.16,1322.85,0
370,2017.9.17,1322.85,-0.008126394
371,2017.9.18,1312.1,-0.001905343
372,2017.9.19,1309.6,0.001298106
373,2017.9.20,1311.3,-0.014641958
374,2017.9.21,1292.1,0.002089622
375,2017.9.22,1294.8,0
376,2017.9.23,1294.8,0
377,2017.9.24,1294.8,-0.00115848
378,2017.9.25,1293.3,0.005219207
379,2017.9.26,1300.05,-0.013461021
380,2017.9.27,1282.55,0.000623757
381,2017.9.28,1283.35,-0.000194803
382,2017.9.29,1283.1,0
383,2017.9.30,1283.1,0
384,2017.10.1,1283.1,-0.007326007
385,2017.10.2,1273.7,-0.00192353
386,2017.10.3,1271.25,0.002359882
387,2017.10.4,1274.25,0.000196194
388,2017.10.5,1274.5,-0.009964692
389,2017.10.6,1261.8,0
390,2017.10.7,1261.8,0
391,2017.10.8,1261.8,0.013433191
392,2017.10.9,1278.75,0.009892473
393,2017.10.10,1291.4,-0.00166486
394,2017.10.11,1289.25,0.000775645
395,2017.10.12,1290.25,0.007246658
396,2017.10.13,1299.6,0
397,2017.10.14,1299.6,0
398,2017.10.15,1299.6,0.00284703
399,2017.10.16,1303.3,-0.014233101
400,2017.10.17,1284.75,-0.003541545
401,2017.10.18,1280.2,0.004842993
402,2017.10.19,1286.4,-0.004042289
403,2017.10.20,1281.2,0
404,2017.10.21,1281.2,0
405,2017.10.22,1281.2,-0.004917265
406,2017.10.23,1274.9,0.001215782
407,2017.10.24,1276.45,-0.001135963
408,2017.10.25,1275,-0.000980392
409,2017.10.26,1273.75,-0.005731109
410,2017.10.27,1266.45,0
411,2017.10.28,1266.45,0
412,2017.10.29,1266.45,0.004382329
413,2017.10.30,1272,-0.001454403
414,2017.10.31,1270.15,0.005432429
415,2017.11.1,1277.05,0.001683568
416,2017.11.2,1279.2,-0.009380863
417,2017.11.3,1267.2,0
418,2017.11.4,1267.2,0
419,2017.11.5,1267.2,0.002919823
420,2017.11.6,1270.9,0.003698167
421,2017.11.7,1275.6,0.006585136
422,2017.11.8,1284,0.000623053
423,2017.11.9,1284.8,-0.000389166
424,2017.11.10,1284.3,0
425,2017.11.11,1284.3,0
426,2017.11.12,1284.3,-0.004944328
427,2017.11.13,1277.95,-0.002621386
428,2017.11.14,1274.6,0.005962655
429,2017.11.15,1282.2,-0.001715801
430,2017.11.16,1280,0.003398437
431,2017.11.17,1284.35,0
432,2017.11.18,1284.35,0
433,2017.11.19,1284.35,0.001440417
434,2017.11.20,1286.2,-0.002254704
435,2017.11.21,1283.3,0.00284423
436,2017.11.22,1286.95,0.002641905
437,2017.11.23,1290.35,0.000116248
438,2017.11.24,1290.5,0
439,2017.11.25,1290.5,0
440,2017.11.26,1290.5,0.003409531
441,2017.11.27,1294.9,-0.002355394
442,2017.11.28,1291.85,-0.006192669
443,2017.11.29,1283.85,-0.002843011
444,2017.11.30,1280.2,-0.003671301
445,2017.12.1,1275.5,0
446,2017.12.2,1275.5,0
447,2017.12.3,1275.5,-0.001607213
448,2017.12.4,1273.45,-0.005614669
449,2017.12.5,1266.3,-0.002053226
450,2017.12.6,1263.7,-0.006884545
451,2017.12.7,1255,-0.003466135
452,2017.12.8,1250.65,0
453,2017.12.9,1250.65,0
454,2017.12.10,1250.65,-0.002798545
455,2017.12.11,1247.15,-0.005011426
456,2017.12.12,1240.9,0.001410267
457,2017.12.13,1242.65,0.006719511
458,2017.12.14,1251,0.002877698
459,2017.12.15,1254.6,0
460,2017.12.16,1254.6,0
461,2017.12.17,1254.6,0.004782401
462,2017.12.18,1260.6,-0.000198318
463,2017.12.19,1260.35,0.003332408
464,2017.12.20,1264.55,0
465,2017.12.21,1264.55,0
466,2017.12.22,1264.55,0
467,2017.12.23,1264.55,0
468,2017.12.24,1264.55,0
469,2017.12.25,1264.55,0
470,2017.12.26,1264.55,0.011743308
471,2017.12.27,1279.4,0.00906675
472,2017.12.28,1291,0
473,2017.12.29,1291,0
474,2017.12.30,1291,0
475,2017.12.31,1291,0
476,2018.1.1,1291,0.01630519
477,2018.1.2,1312.05,0.002172173
478,2018.1.3,1314.9,-0.000304206
479,2018.1.4,1314.5,0.002015976
480,2018.1.5,1317.15,0
481,2018.1.6,1317.15,0
482,2018.1.7,1317.15,0.002125802
483,2018.1.8,1319.95,-0.00678056
484,2018.1.9,1311,0.006674294
485,2018.1.10,1319.75,0.002500474
486,2018.1.11,1323.05,0.00283436
487,2018.1.12,1326.8,0
488,2018.1.13,1326.8,0
489,2018.1.14,1326.8,0.009383479
490,2018.1.15,1339.25,-0.004032108
491,2018.1.16,1333.85,0.001349477
492,2018.1.17,1335.65,-0.002583012
493,2018.1.18,1332.2,0.002064255
494,2018.1.19,1334.95,0
495,2018.1.20,1334.95,0
496,2018.1.21,1334.95,-0.001760366
497,2018.1.22,1332.6,0.00060033
498,2018.1.23,1333.4,0.015224239
499,2018.1.24,1353.7,0.000923395
500,2018.1.25,1354.95,-0.001328462
501,2018.1.26,1353.15,0
502,2018.1.27,1353.15,0
503,2018.1.28,1353.15,-0.006872852
504,2018.1.29,1343.85,0.000781337
505,2018.1.30,1344.9,0.000111532
506,2018.1.31,1345.05,-0.002750827
507,2018.2.1,1341.35,-0.007604279
508,2018.2.2,1331.15,0
509,2018.2.3,1331.15,0
510,2018.2.4,1331.15,0.001840514
511,2018.2.5,1333.6,-0.00164967
512,2018.2.6,1331.4,-0.005069851
513,2018.2.7,1324.65,-0.006945231
514,2018.2.8,1315.45,-0.001026265
515,2018.2.9,1314.1,0
516,2018.2.10,1314.1,0
517,2018.2.11,1314.1,0.006240012
518,2018.2.12,1322.3,0.002306587
519,2018.2.13,1325.35,0.008224243
520,2018.2.14,1336.25,0.01212348
521,2018.2.15,1352.45,-0.00025879
522,2018.2.16,1352.1,0
523,2018.2.17,1352.1,0
524,2018.2.18,1352.1,-0.004067746
525,2018.2.19,1346.6,-0.005012624
526,2018.2.20,1339.85,-0.006978393
527,2018.2.21,1330.5,-0.001615934
528,2018.2.22,1328.35,-0.000301125
529,2018.2.23,1327.95,0
530,2018.2.24,1327.95,0
531,2018.2.25,1327.95,0.004179374
532,2018.2.26,1333.5,-0.005811774
533,2018.2.27,1325.75,-0.005958891
534,2018.2.28,1317.85,-0.007663998
535,2018.3.1,1307.75,0.01112598
536,2018.3.2,1322.3,0
537,2018.3.3,1322.3,0
538,2018.3.4,1322.3,-0.00143689
539,2018.3.5,1320.4,0.008330809
540,2018.3.6,1331.4,-0.001502178
541,2018.3.7,1329.4,-0.00631864
542,2018.3.8,1321,-0.000302801
543,2018.3.9,1320.6,0
544,2018.3.10,1320.6,0
545,2018.3.11,1320.6,-0.001097986
546,2018.3.12,1319.15,0.00272903
547,2018.3.13,1322.75,0.000604801
548,2018.3.14,1323.55,-0.00362661
549,2018.3.15,1318.75,-0.006559242
550,2018.3.16,1310.1,0
551,2018.3.17,1310.1,0
552,2018.3.18,1310.1,0.001755591
553,2018.3.19,1312.4,-0.001066748
554,2018.3.20,1311,0.007894737
555,2018.3.21,1321.35,0.005903054
556,2018.3.22,1329.15,0.013128691
557,2018.3.23,1346.6,0
558,2018.3.24,1346.6,0
559,2018.3.25,1346.6,0.004307144
560,2018.3.26,1352.4,-0.008096717
561,2018.3.27,1341.45,-0.006709158
562,2018.3.28,1332.45,-0.006454276
563,2018.3.29,1323.85,0
564,2018.3.30,1323.85,0
565,2018.3.31,1323.85,0
566,2018.4.1,1323.85,0
567,2018.4.2,1323.85,0.007251577
568,2018.4.3,1333.45,0.002887247
569,2018.4.4,1337.3,-0.007178644
570,2018.4.5,1327.7,0.002636138
571,2018.4.6,1331.2,0
572,2018.4.7,1331.2,0
573,2018.4.8,1331.2,0.000563401
574,2018.4.9,1331.95,0.005255453
575,2018.4.10,1338.95,0.008812876
576,2018.4.11,1350.75,-0.006959097
577,2018.4.12,1341.35,0.001751966
578,2018.4.13,1343.7,0
579,2018.4.14,1343.7,0
580,2018.4.15,1343.7,0.004204808
581,2018.4.16,1349.35,-0.005372957
582,2018.4.17,1342.1,0.006966694
583,2018.4.18,1351.45,-0.002108846
584,2018.4.19,1348.6,-0.00878689
585,2018.4.20,1336.75,0
586,2018.4.21,1336.75,0
587,2018.4.22,1336.75,-0.009313634
588,2018.4.23,1324.3,0.003435777
589,2018.4.24,1328.85,-0.005418219
590,2018.4.25,1321.65,-0.000718798
591,2018.4.26,1320.7,0.000605739
592,2018.4.27,1321.5,0
593,2018.4.28,1321.5,0
594,2018.4.29,1321.5,-0.006280742
595,2018.4.30,1313.2,-0.004645142
596,2018.5.1,1307.1,-0.002218652
597,2018.5.2,1304.2,0.008319276
598,2018.5.3,1315.05,-0.004296415
599,2018.5.4,1309.4,0
600,2018.5.5,1309.4,0
601,2018.5.6,1309.4,0
602,2018.5.7,1309.4,-0.002138384
603,2018.5.8,1306.6,0.005548752
604,2018.5.9,1313.85,0.003767553
605,2018.5.10,1318.8,0.004208371
606,2018.5.11,1324.35,0
607,2018.5.12,1324.35,0
608,2018.5.13,1324.35,-0.003397893
609,2018.5.14,1319.85,-0.018827897
610,2018.5.15,1295,-0.002895753
611,2018.5.16,1291.25,-0.001355276
612,2018.5.17,1289.5,-0.000930593
613,2018.5.18,1288.3,0
614,2018.5.19,1288.3,0
615,2018.5.20,1288.3,3.88108E-05
616,2018.5.21,1288.35,0.003648077
617,2018.5.22,1293.05,-0.003132129
618,2018.5.23,1289,0.012296354
619,2018.5.24,1304.85,-0.001034602
620,2018.5.25,1303.5,0
621,2018.5.26,1303.5,0
622,2018.5.27,1303.5,0
623,2018.5.28,1303.5,-0.006137323
624,2018.5.29,1295.5,0.004013894
625,2018.5.30,1300.7,0.003574998
626,2018.5.31,1305.35,-0.008235339
627,2018.6.1,1294.6,0
628,2018.6.2,1294.6,0
629,2018.6.3,1294.6,0.000656573
630,2018.6.4,1295.45,-0.002624571
631,2018.6.5,1292.05,0.006230409
632,2018.6.6,1300.1,-0.002192139
633,2018.6.7,1297.25,0.000770861
634,2018.6.8,1298.25,0
635,2018.6.9,1298.25,0
636,2018.6.10,1298.25,0.001039861
637,2018.6.11,1299.6,-0.000730994
638,2018.6.12,1298.65,-0.001925076
639,2018.6.13,1296.15,0.005092003
640,2018.6.14,1302.75,-0.013433122
641,2018.6.15,1285.25,0
642,2018.6.16,1285.25,0
643,2018.6.17,1285.25,-0.002878817
644,2018.6.18,1281.55,-0.004213648
645,2018.6.19,1276.15,-0.001528034
646,2018.6.20,1274.2,-0.00631769
647,2018.6.21,1266.15,0.002369388
648,2018.6.22,1269.15,0
649,2018.6.23,1269.15,0
650,2018.6.24,1269.15,-0.000354568
651,2018.6.25,1268.7,-0.006620951
652,2018.6.26,1260.3,-0.004522733
653,2018.6.27,1254.6,-0.002431054
654,2018.6.28,1251.55,-0.00087891
655,2018.6.29,1250.45,0
656,2018.6.30,1250.45,0
657,2018.7.1,1250.45,-0.002119237
658,2018.7.2,1247.8,0.003165571
659,2018.7.3,1251.75,0.003115638
660,2018.7.4,1255.65,-0.00011946
661,2018.7.5,1255.5,-0.000119474
662,2018.7.6,1255.35,0
663,2018.7.7,1255.35,0
664,2018.7.8,1255.35,0.005337157
665,2018.7.9,1262.05,-0.006378511
666,2018.7.10,1254,-0.002073365
667,2018.7.11,1251.4,-0.004395078
668,2018.7.12,1245.9,-0.003371057
669,2018.7.13,1241.7,0
670,2018.7.14,1241.7,0
671,2018.7.15,1241.7,-0.000483209
672,2018.7.16,1241.1,-0.006687616
673,2018.7.17,1232.8,-0.006732641
674,2018.7.18,1224.5,-0.005675786
675,2018.7.19,1217.55,0.009198801
676,2018.7.20,1228.75,0
677,2018.7.21,1228.75,0
678,2018.7.22,1228.75,-0.003092574
679,2018.7.23,1224.95,0.002775623
680,2018.7.24,1228.35,0.002564416
681,2018.7.25,1231.5,-0.002639058
682,2018.7.26,1228.25,-0.003500916
683,2018.7.27,1223.95,0
684,2018.7.28,1223.95,0
685,2018.7.29,1223.95,-0.000122554
686,2018.7.30,1223.8,-0.002328812
687,2018.7.31,1220.95,-0.001597117
688,2018.8.1,1219,-0.002912223
689,2018.8.2,1215.45,0.000699329
690,2018.8.3,1216.3,0
691,2018.8.4,1216.3,0
692,2018.8.5,1216.3,-0.005467401
693,2018.8.6,1209.65,0.002232051
694,2018.8.7,1212.35,-0.002309564
695,2018.8.8,1209.55,0.003968418
696,2018.8.9,1214.35,4.11743E-05
697,2018.8.10,1214.4,0
698,2018.8.11,1214.4,0
699,2018.8.12,1214.4,-0.011569499
700,2018.8.13,1200.35,-0.002790853
701,2018.8.14,1197,-0.012531328
702,2018.8.15,1182,-0.001353638
703,2018.8.16,1180.4,-0.001694341
704,2018.8.17,1178.4,0
705,2018.8.18,1178.4,0
706,2018.8.19,1178.4,0.005049219
707,2018.8.20,1184.35,0.005572677
708,2018.8.21,1190.95,0.004786095
709,2018.8.22,1196.65,-0.003593365
710,2018.8.23,1192.35,0.004486938
711,2018.8.24,1197.7,0
712,2018.8.25,1197.7,0
713,2018.8.26,1197.7,0
714,2018.8.27,1197.7,0.012148284
715,2018.8.28,1212.25,-0.006640544
716,2018.8.29,1204.2,-0.005729945
717,2018.8.30,1197.3,0.004301345
718,2018.8.31,1202.45,0
719,2018.9.1,1202.45,0
720,2018.9.2,1202.45,-0.001995925
721,2018.9.3,1200.05,-0.007666347
722,2018.9.4,1190.85,0.004912457
723,2018.9.5,1196.7,0.007061085
724,2018.9.6,1205.15,-0.005186076
725,2018.9.7,1198.9,0
726,2018.9.8,1198.9,0
727,2018.9.9,1198.9,-0.001918425
728,2018.9.10,1196.6,-0.005640983
729,2018.9.11,1189.85,0.004832542
730,2018.9.12,1195.6,0.011876882
731,2018.9.13,1209.8,-0.006488676
732,2018.9.14,1201.95,0
733,2018.9.15,1201.95,0
734,2018.9.16,1201.95,-4.15991E-05
735,2018.9.17,1201.9,-0.001414427
736,2018.9.18,1200.2,0.002582903
737,2018.9.19,1203.3,0.004196792
738,2018.9.20,1208.35,-0.007986097
739,2018.9.21,1198.7,0
740,2018.9.22,1198.7,0
741,2018.9.23,1198.7,0.00337866
742,2018.9.24,1202.75,-0.000706714
743,2018.9.25,1201.9,-0.006364922
744,2018.9.26,1194.25,-0.007410509
745,2018.9.27,1185.4,0.001560655
746,2018.9.28,1187.25,0
747,2018.9.29,1187.25,0
748,2018.9.30,1187.25,0.001768793
749,2018.10.1,1189.35,0.012906209
750,2018.10.2,1204.7,-0.002905288
751,2018.10.3,1201.2,0.001873127
752,2018.10.4,1203.45,0.000290831
753,2018.10.5,1203.8,0
754,2018.10.6,1203.8,0
755,2018.10.7,1203.8,-0.013997342
756,2018.10.8,1186.95,-0.001179494
757,2018.10.9,1185.55,0.002572646
758,2018.10.10,1188.6,0.014260475
759,2018.10.11,1205.55,0.011778856
760,2018.10.12,1219.75,0
761,2018.10.13,1219.75,0
762,2018.10.14,1219.75,0.008362369
763,2018.10.15,1229.95,0.000609781
764,2018.10.16,1230.7,-0.0013407
765,2018.10.17,1229.05,-0.004922501
766,2018.10.18,1223,0.003965658
767,2018.10.19,1227.85,0
768,2018.10.20,1227.85,0
769,2018.10.21,1227.85,-0.004520096
770,2018.10.22,1222.3,0.011167471
771,2018.10.23,1235.95,-0.004369109
772,2018.10.24,1230.55,0.000203161
773,2018.10.25,1230.8,0.002478063
774,2018.10.26,1233.85,0
775,2018.10.27,1233.85,0
776,2018.10.28,1233.85,-0.002471937
777,2018.10.29,1230.8,-0.00438739
778,2018.10.30,1225.4,-0.008527828
779,2018.10.31,1214.95,0.013333882
780,2018.11.1,1231.15,0.000771636
781,2018.11.2,1232.1,0
782,2018.11.3,1232.1,0
783,2018.11.4,1232.1,0.000121743
784,2018.11.5,1232.25,-0.00052749
785,2018.11.6,1231.6,-0.001339721
786,2018.11.7,1229.95,-0.004715639
787,2018.11.8,1224.15,-0.01041539
788,2018.11.9,1211.4,0
789,2018.11.10,1211.4,0
790,2018.11.11,1211.4,-0.004829123
791,2018.11.12,1205.55,-0.002861764
792,2018.11.13,1202.1,0.000956659
793,2018.11.14,1203.25,0.007147309
794,2018.11.15,1211.85,0.008705698
795,2018.11.16,1222.4,0
796,2018.11.17,1222.4,0
797,2018.11.18,1222.4,-0.00065445
798,2018.11.19,1221.6,0.001146038
799,2018.11.20,1223,0.002534751
800,2018.11.21,1226.1,0.000774814
801,2018.11.22,1227.05,-0.002770873
802,2018.11.23,1223.65,0
803,2018.11.24,1223.65,0
804,2018.11.25,1223.65,-0.000204307
805,2018.11.26,1223.4,-0.001798267
806,2018.11.27,1221.2,-0.00650999
807,2018.11.28,1213.25,0.010715022
808,2018.11.29,1226.25,-0.007094801
809,2018.11.30,1217.55,0
810,2018.12.1,1217.55,0
811,2018.12.2,1217.55,0.010471849
812,2018.12.3,1230.3,0.008128099
813,2018.12.4,1240.3,-0.003547529
814,2018.12.5,1235.9,0.005380694
815,2018.12.6,1242.55,0.000603597
816,2018.12.7,1243.3,0
817,2018.12.8,1243.3,0
818,2018.12.9,1243.3,0.001648838
819,2018.12.10,1245.35,-4.01494E-05
820,2018.12.11,1245.3,0.000361359
821,2018.12.12,1245.75,-0.002408188
822,2018.12.13,1242.75,-0.005954536
823,2018.12.14,1235.35,0
824,2018.12.15,1235.35,0
825,2018.12.16,1235.35,0.005099769
826,2018.12.17,1241.65,0.003745017
827,2018.12.18,1246.3,0.006980663
828,2018.12.19,1255,0.003784861
829,2018.12.20,1259.75,-0.001270093
830,2018.12.21,1258.15,0
831,2018.12.22,1258.15,0
832,2018.12.23,1258.15,0
833,2018.12.24,1258.15,0
834,2018.12.25,1258.15,0
835,2018.12.26,1258.15,0.007828955
836,2018.12.27,1268,0.008675079
837,2018.12.28,1279,0
838,2018.12.29,1279,0
839,2018.12.30,1279,0
840,2018.12.31,1279,0
841,2019.1.1,1279,0.003049257
842,2019.1.2,1282.9,0.005885104
843,2019.1.3,1290.45,-0.008175443
844,2019.1.4,1279.9,0
845,2019.1.5,1279.9,0
846,2019.1.6,1279.9,0.009610126
847,2019.1.7,1292.2,-0.004449776
848,2019.1.8,1286.45,0.001671266
849,2019.1.9,1288.6,0.002560919
850,2019.1.10,1291.9,-0.002283458
851,2019.1.11,1288.95,0
852,2019.1.12,1288.95,0
853,2019.1.13,1288.95,0.002948136
854,2019.1.14,1292.75,0.001276349
855,2019.1.15,1294.4,-0.001622373
856,2019.1.16,1292.3,-0.001238103
857,2019.1.17,1290.7,-0.005036027
858,2019.1.18,1284.2,0
859,2019.1.19,1284.2,0
860,2019.1.20,1284.2,-0.003620931
861,2019.1.21,1279.55,0.001992888
862,2019.1.22,1282.1,-0.001793932
863,2019.1.23,1279.8,0.003047351
864,2019.1.24,1283.7,0.007945782
865,2019.1.25,1293.9,0
866,2019.1.26,1293.9,0
867,2019.1.27,1293.9,0.006376072
868,2019.1.28,1302.15,0.004146988
869,2019.1.29,1307.55,0.002409086
870,2019.1.30,1310.7,0.009575036
871,2019.1.31,1323.25,-0.003438504
872,2019.2.1,1318.7,0
873,2019.2.2,1318.7,0
874,2019.2.3,1318.7,-0.004967013
875,2019.2.4,1312.15,0.001562321
876,2019.2.5,1314.2,-0.001369655
877,2019.2.6,1312.4,-0.001828711
878,2019.2.7,1310,0.00370229
879,2019.2.8,1314.85,0
880,2019.2.9,1314.85,0
881,2019.2.10,1314.85,-0.006426589
882,2019.2.11,1306.4,0.002755664
883,2019.2.12,1310,0.002137405
884,2019.2.13,1312.8,-0.001028336
885,2019.2.14,1311.45,0.003888825
886,2019.2.15,1316.55,0
887,2019.2.16,1316.55,0
888,2019.2.17,1316.55,0.006798071
889,2019.2.18,1325.5,0.006525839
890,2019.2.19,1334.15,0.007195593
891,2019.2.20,1343.75,-0.009302326
892,2019.2.21,1331.25,-0.001652582
893,2019.2.22,1329.05,0
894,2019.2.23,1329.05,0
895,2019.2.24,1329.05,0.001504834
896,2019.2.25,1331.05,-0.004507719
897,2019.2.26,1325.05,-0.001660315
898,2019.2.27,1322.85,-0.002796991
899,2019.2.28,1319.15,-0.00545806
900,2019.3.1,1311.95,0
901,2019.3.2,1311.95,0
902,2019.3.3,1311.95,-0.020237052
903,2019.3.4,1285.4,-0.001244749
904,2019.3.5,1283.8,0.001596822
905,2019.3.6,1285.85,-0.000427733
906,2019.3.7,1285.3,0.008908426
907,2019.3.8,1296.75,0
908,2019.3.9,1296.75,0
909,2019.3.10,1296.75,-0.003084635
910,2019.3.11,1292.75,0.003326243
911,2019.3.12,1297.05,0.007632705
912,2019.3.13,1306.95,-0.008722598
913,2019.3.14,1295.55,0.00613639
914,2019.3.15,1303.5,0
915,2019.3.16,1303.5,0
916,2019.3.17,1303.5,0.001611047
917,2019.3.18,1305.6,0.001608456
918,2019.3.19,1307.7,-0.003058806
919,2019.3.20,1303.7,0.004525581
920,2019.3.21,1309.6,0.001298106
921,2019.3.22,1311.3,0
922,2019.3.23,1311.3,0
923,2019.3.24,1311.3,0.006291466
924,2019.3.25,1319.55,-0.002462961
925,2019.3.26,1316.3,-0.005014055
926,2019.3.27,1309.7,-0.011109414
927,2019.3.28,1295.15,0.000193028
928,2019.3.29,1295.4,0
929,2019.3.30,1295.4,0
930,2019.3.31,1295.4,-0.001466728
931,2019.4.1,1293.5,-0.002473908
932,2019.4.2,1290.3,0.000116252
933,2019.4.3,1290.45,-0.005656941
934,2019.4.4,1283.15,0.00413046
935,2019.4.5,1288.45,0
936,2019.4.6,1288.45,0
937,2019.4.7,1288.45,0.008964259
938,2019.4.8,1300,0.002307692
939,2019.4.9,1303,0.001880276
940,2019.4.10,1305.45,-0.005094029
941,2019.4.11,1298.8,-0.003464737
942,2019.4.12,1294.3,0
943,2019.4.13,1294.3,0
944,2019.4.14,1294.3,-0.006683149
945,2019.4.15,1285.65,-0.007233695
946,2019.4.16,1276.35,-0.000391742
947,2019.4.17,1275.85,-0.000117569
948,2019.4.18,1275.7,0
949,2019.4.19,1275.7,0
950,2019.4.20,1275.7,0
951,2019.4.21,1275.7,0
952,2019.4.22,1275.7,-0.004860077
953,2019.4.23,1269.5,0.00169358
954,2019.4.24,1271.65,0.007195376
955,2019.4.25,1280.8,0.002654591
956,2019.4.26,1284.2,0
957,2019.4.27,1284.2,0
958,2019.4.28,1284.2,-0.003659866
959,2019.4.29,1279.5,0.002188355
960,2019.4.30,1282.3,0.001169773
961,2019.5.1,1283.8,-0.010009347
962,2019.5.2,1270.95,0.005979779
963,2019.5.3,1278.55,0
964,2019.5.4,1278.55,0
965,2019.5.5,1278.55,0
966,2019.5.6,1278.55,0.00207266
967,2019.5.7,1281.2,0.003122073
968,2019.5.8,1285.2,0.00070028
969,2019.5.9,1286.1,0.000777545
970,2019.5.10,1287.1,0
971,2019.5.11,1287.1,0
972,2019.5.12,1287.1,0.006603993
973,2019.5.13,1295.6,0.002161161
974,2019.5.14,1298.4,0.000539125
975,2019.5.15,1299.1,-0.005696251
976,2019.5.16,1291.7,-0.008438492
977,2019.5.17,1280.8,0
978,2019.5.18,1280.8,0
979,2019.5.19,1280.8,-0.00308401
980,2019.5.20,1276.85,-0.004464111
981,2019.5.21,1271.15,0.002084726
982,2019.5.22,1273.8,0.007732768
983,2019.5.23,1283.65,-0.000895883
984,2019.5.24,1282.5,0
985,2019.5.25,1282.5,0
986,2019.5.26,1282.5,0
987,2019.5.27,1282.5,-0.003274854
988,2019.5.28,1278.3,0.002620668
989,2019.5.29,1281.65,-0.000546171
990,2019.5.30,1280.95,0.011397791
991,2019.5.31,1295.55,0
992,2019.6.1,1295.55,0
993,2019.6.2,1295.55,0.016633862
994,2019.6.3,1317.1,0.005428593
995,2019.6.4,1324.25,0.00815556
996,2019.6.5,1335.05,0.000337066
997,2019.6.6,1335.5,0.003856234
998,2019.6.7,1340.65,0
999,2019.6.8,1340.65,0
1000,2019.6.9,1340.65,-0.008988177
1001,2019.6.10,1328.6,-0.00323649
1002,2019.6.11,1324.3,0.006078683
1003,2019.6.12,1332.35,0.002664465
1004,2019.6.13,1335.9,0.011490381
1005,2019.6.14,1351.25,0
1006,2019.6.15,1351.25,0
1007,2019.6.16,1351.25,-0.007363552
1008,2019.6.17,1341.3,3.72773E-05
1009,2019.6.18,1341.35,0.002012897
1010,2019.6.19,1344.05,0.026375507
1011,2019.6.20,1379.5,0.012794491
1012,2019.6.21,1397.15,0
1013,2019.6.22,1397.15,0
1014,2019.6.23,1397.15,0.006119601
1015,2019.6.24,1405.7,0.018282706
1016,2019.6.25,1431.4,-0.019177029
1017,2019.6.26,1403.95,-0.0010328
1018,2019.6.27,1402.5,0.004634581
1019,2019.6.28,1409,0
1020,2019.6.29,1409,0
1021,2019.6.30,1409,-0.013413769
1022,2019.7.1,1390.1,0.000683404
1023,2019.7.2,1391.05,0.016138888
1024,2019.7.3,1413.5,0.000990449
1025,2019.7.4,1414.9,-0.018552548
1026,2019.7.5,1388.65,0
1027,2019.7.6,1388.65,0
1028,2019.7.7,1388.65,0.008245418
1029,2019.7.8,1400.1,-0.006106707
1030,2019.7.9,1391.55,0.012036937
1031,2019.7.10,1408.3,0.003869914
1032,2019.7.11,1413.75,-0.004350133
1033,2019.7.12,1407.6,0
1034,2019.7.13,1407.6,0
1035,2019.7.14,1407.6,0.00341006
1036,2019.7.15,1412.4,-0.001805438
1037,2019.7.16,1409.85,0.000354648
1038,2019.7.17,1410.35,0.005034211
1039,2019.7.18,1417.45,0.015697203
1040,2019.7.19,1439.7,0
1041,2019.7.20,1439.7,0
1042,2019.7.21,1439.7,-0.00830034
1043,2019.7.22,1427.75,-0.001540886
1044,2019.7.23,1425.55,0.000982077
1045,2019.7.24,1426.95,-0.00760363
1046,2019.7.25,1416.1,0.003036509
1047,2019.7.26,1420.4,0
1048,2019.7.27,1420.4,0
1049,2019.7.28,1420.4,-0.000950436
1050,2019.7.29,1419.05,0.004827173
1051,2019.7.30,1425.9,0.001157164
1052,2019.7.31,1427.55,-0.014535393
1053,2019.8.1,1406.8,0.024843617
1054,2019.8.2,1441.75,0
1055,2019.8.3,1441.75,0
1056,2019.8.4,1441.75,0.016299636
1057,2019.8.5,1465.25,0
1058,2019.8.6,1465.25,0.027845078
1059,2019.8.7,1506.05,-0.006839082
1060,2019.8.8,1495.75,0.001303694
1061,2019.8.9,1497.7,0
1062,2019.8.10,1497.7,0
1063,2019.8.11,1497.7,0.004673833
1064,2019.8.12,1504.7,-0.004186881
1065,2019.8.13,1498.4,0.009910571
1066,2019.8.14,1513.25,0.00158599
1067,2019.8.15,1515.65,-0.000263913
1068,2019.8.16,1515.25,0
1069,2019.8.17,1515.25,0
1070,2019.8.18,1515.25,-0.0123082
1071,2019.8.19,1496.6,0.005312041
1072,2019.8.20,1504.55,-0.000864046
1073,2019.8.21,1503.25,-0.00079827
1074,2019.8.22,1502.05,0.001165074
1075,2019.8.23,1503.8,0
1076,2019.8.24,1503.8,0
1077,2019.8.25,1503.8,0
1078,2019.8.26,1503.8,0.019384227
1079,2019.8.27,1532.95,0.002739815
1080,2019.8.28,1537.15,0.001984192
1081,2019.8.29,1540.2,-0.007661343
1082,2019.8.30,1528.4,0
1083,2019.8.31,1528.4,0
1084,2019.9.1,1528.4,-0.001602984
1085,2019.9.2,1525.95,0.007798421
1086,2019.9.3,1537.85,0.005364632
1087,2019.9.4,1546.1,-0.010995408
1088,2019.9.5,1529.1,-0.003531489
1089,2019.9.6,1523.7,0
1090,2019.9.7,1523.7,0
1091,2019.9.8,1523.7,-0.009516309
1092,2019.9.9,1509.2,-0.0072555
1093,2019.9.10,1498.25,-0.005072585
1094,2019.9.11,1490.65,0.016469325
1095,2019.9.12,1515.2,-0.007985744
1096,2019.9.13,1503.1,0
1097,2019.9.14,1503.1,0
1098,2019.9.15,1503.1,-0.003925221
1099,2019.9.16,1497.2,0.003272776
1100,2019.9.17,1502.1,0.000932028
1101,2019.9.18,1503.5,-0.001862321
1102,2019.9.19,1500.7,0.000799627
1103,2019.9.20,1501.9,0
1104,2019.9.21,1501.9,0
1105,2019.9.22,1501.9,0.01344963
1106,2019.9.23,1522.1,-0.000952631
1107,2019.9.24,1520.65,0.00532667
1108,2019.9.25,1528.75,-0.014619787
1109,2019.9.26,1506.4,-0.010953266
1110,2019.9.27,1489.9,0
1111,2019.9.28,1489.9,0
1112,2019.9.29,1489.9,-0.003087456
1113,2019.9.30,1485.3,-0.007978186
1114,2019.10.1,1473.45,0.012996708
1115,2019.10.2,1492.6,0.016414311
1116,2019.10.3,1517.1,-0.011831784
1117,2019.10.4,1499.15,0
1118,2019.10.5,1499.15,0
1119,2019.10.6,1499.15,0.001400794
1120,2019.10.7,1501.25,0.003064113
1121,2019.10.8,1505.85,0.000929707
1122,2019.10.9,1507.25,-0.008260076
1123,2019.10.10,1494.8,-0.010469628
1124,2019.10.11,1479.15,0
1125,2019.10.12,1479.15,0
1126,2019.10.13,1479.15,0.007740932
1127,2019.10.14,1490.6,-0.001878438
1128,2019.10.15,1487.8,-0.00181476
1129,2019.10.16,1485.1,0.005083833
1130,2019.10.17,1492.65,-0.001775366
1131,2019.10.18,1490,0
1132,2019.10.19,1490,0
1133,2019.10.20,1490,0.001107383
1134,2019.10.21,1491.65,-0.004223511
1135,2019.10.22,1485.35,0.006126502
1136,2019.10.23,1494.45,0.001405199
1137,2019.10.24,1496.55,0.01129264
1138,2019.10.25,1513.45,0
1139,2019.10.26,1513.45,0
1140,2019.10.27,1513.45,-0.013908619
1141,2019.10.28,1492.4,-0.003785848
1142,2019.10.29,1486.75,0.003598453
1143,2019.10.30,1492.1,0.012633202
1144,2019.10.31,1510.95,-0.001422946
1145,2019.11.1,1508.8,0
1146,2019.11.2,1508.8,0
1147,2019.11.3,1508.8,0.000430806
1148,2019.11.4,1509.45,-0.013581106
1149,2019.11.5,1488.95,-0.001947681
1150,2019.11.6,1486.05,-0.001211265
1151,2019.11.7,1484.25,-0.013542193
1152,2019.11.8,1464.15,0
1153,2019.11.9,1464.15,0
1154,2019.11.10,1464.15,-0.003722296
1155,2019.11.11,1458.7,-0.004558854
1156,2019.11.12,1452.05,0.007472194
1157,2019.11.13,1462.9,0.002563401
1158,2019.11.14,1466.65,0.000170456
1159,2019.11.15,1466.9,0
1160,2019.11.16,1466.9,0
1161,2019.11.17,1466.9,0.000511282
1162,2019.11.18,1467.65,0.000545089
1163,2019.11.19,1468.45,0.002213218
1164,2019.11.20,1471.7,-0.003159611
1165,2019.11.21,1467.05,-0.001772264
1166,2019.11.22,1464.45,0
1167,2019.11.23,1464.45,0
1168,2019.11.24,1464.45,-0.004131244
1169,2019.11.25,1458.4,-0.002571311
1170,2019.11.26,1454.65,-0.000206235
1171,2019.11.27,1454.35,0.000206278
1172,2019.11.28,1454.65,0.003780978
1173,2019.11.29,1460.15,0
1174,2019.11.30,1460.15,0
1175,2019.12.1,1460.15,0.000684861
1176,2019.12.2,1461.15,0.011052938
1177,2019.12.3,1477.3,-0.001489203
1178,2019.12.4,1475.1,0.000576232
1179,2019.12.5,1475.95,-0.011043735
1180,2019.12.6,1459.65,0
1181,2019.12.7,1459.65,0
1182,2019.12.8,1459.65,0.001404446
1183,2019.12.9,1461.7,0.002223438
1184,2019.12.10,1464.95,0.001262842
1185,2019.12.11,1466.8,0.000681756
1186,2019.12.12,1467.8,-0.00081755
1187,2019.12.13,1466.6,0
1188,2019.12.14,1466.6,0
1189,2019.12.15,1466.6,0.007704896
1190,2019.12.16,1477.9,-0.001420935
1191,2019.12.17,1475.8,-0.001185798
1192,2019.12.18,1474.05,0.001797768
1193,2019.12.19,1476.7,0.001557527
1194,2019.12.20,1479,0
1195,2019.12.21,1479,0
1196,2019.12.22,1479,0.002096011
1197,2019.12.23,1482.1,0
1198,2019.12.24,1482.1,0
1199,2019.12.25,1482.1,0
1200,2019.12.26,1482.1,0.019836718
1201,2019.12.27,1511.5,0
1202,2019.12.28,1511.5,0
1203,2019.12.29,1511.5,0.002150182
1204,2019.12.30,1514.75,0
1205,2019.12.31,1514.75,0
1206,2020.1.1,1514.75,0.008153161
1207,2020.1.2,1527.1,0.014177199
1208,2020.1.3,1548.75,0
1209,2020.1.4,1548.75,0
1210,2020.1.5,1548.75,0.015722357
1211,2020.1.6,1573.1,-0.003337359
1212,2020.1.7,1567.85,0.002615046
1213,2020.1.8,1571.95,-0.013486434
1214,2020.1.9,1550.75,0.00183782
1215,2020.1.10,1553.6,0
1216,2020.1.11,1553.6,0
1217,2020.1.12,1553.6,-0.002381565
1218,2020.1.13,1549.9,-0.003096974
1219,2020.1.14,1545.1,0.002524108
1220,2020.1.15,1549,0.003582957
1221,2020.1.16,1554.55,0.001961983
1222,2020.1.17,1557.6,0
1223,2020.1.18,1557.6,0
1224,2020.1.19,1557.6,0.001637134
1225,2020.1.20,1560.15,-0.005672531
1226,2020.1.21,1551.3,0.003609876
1227,2020.1.22,1556.9,0.003853812
1228,2020.1.23,1562.9,0.000895771
1229,2020.1.24,1564.3,0
1230,2020.1.25,1564.3,0
1231,2020.1.26,1564.3,0.010100364
1232,2020.1.27,1580.1,-0.003860515
1233,2020.1.28,1574,-0.000349428
1234,2020.1.29,1573.45,0.003050621
1235,2020.1.30,1578.25,0.003769998
1236,2020.1.31,1584.2,0
1237,2020.2.1,1584.2,0
1238,2020.2.2,1584.2,-0.005965156
1239,2020.2.3,1574.75,-0.010414351
1240,2020.2.4,1558.35,-0.003240607
1241,2020.2.5,1553.3,0.006437906
1242,2020.2.6,1563.3,0.005980938
1243,2020.2.7,1572.65,0
1244,2020.2.8,1572.65,0
1245,2020.2.9,1572.65,0.000349728
1246,2020.2.10,1573.2,-0.001716247
1247,2020.2.11,1570.5,-0.004329831
1248,2020.2.12,1563.7,0.007258426
1249,2020.2.13,1575.05,0.004031618
1250,2020.2.14,1581.4,0
1251,2020.2.15,1581.4,0
1252,2020.2.16,1581.4,-0.000379411
1253,2020.2.17,1580.8,0.005724949
1254,2020.2.18,1589.85,0.009026009
1255,2020.2.19,1604.2,0.009225782
1256,2020.2.20,1619,0.015009265
1257,2020.2.21,1643.3,0
1258,2020.2.22,1643.3,0
1259,2020.2.23,1643.3,0.017251871
1260,2020.2.24,1671.65,-0.012771812
1261,2020.2.25,1650.3,-0.009331637
1262,2020.2.26,1634.9,0.010459355
1263,2020.2.27,1652,-0.025514528
1264,2020.2.28,1609.85,0
1265,2020.2.29,1609.85,0
1266,2020.3.1,1609.85,-0.006335994
1267,2020.3.2,1599.65,0.009908417
1268,2020.3.3,1615.5,0.01631074
1269,2020.3.4,1641.85,0.010810975
1270,2020.3.5,1659.6,0.014491444
1271,2020.3.6,1683.65,0
1272,2020.3.7,1683.65,0
1273,2020.3.8,1683.65,-0.006622517
1274,2020.3.9,1672.5,-0.010044843
1275,2020.3.10,1655.7,-0.00117775
1276,2020.3.11,1653.75,-0.050219199
1277,2020.3.12,1570.7,-0.005029605
1278,2020.3.13,1562.8,0
1279,2020.3.14,1562.8,0
1280,2020.3.15,1562.8,-0.048054773
1281,2020.3.16,1487.7,0.032600659
1282,2020.3.17,1536.2,-0.024736362
1283,2020.3.18,1498.2,-0.01598585
1284,2020.3.19,1474.25,0.013667967
1285,2020.3.20,1494.4,0
1286,2020.3.21,1494.4,0
1287,2020.3.22,1494.4,0.020744111
1288,2020.3.23,1525.4,0.052674708
1289,2020.3.24,1605.75,-0.000186829
1290,2020.3.25,1605.45,0.018281479
1291,2020.3.26,1634.8,-0.010704673
1292,2020.3.27,1617.3,0
1293,2020.3.28,1617.3,0
1294,2020.3.29,1617.3,0.000618314
1295,2020.3.30,1618.3,-0.005777668
1296,2020.3.31,1608.95,-0.020137357
1297,2020.4.1,1576.55,0.02553043
1298,2020.4.2,1616.8,-0.002288471
1299,2020.4.3,1613.1,0
1300,2020.4.4,1613.1,0
1301,2020.4.5,1613.1,0.021821338
1302,2020.4.6,1648.3,0.000576351
1303,2020.4.7,1649.25,-0.000879188
1304,2020.4.8,1647.8,0.019935672
1305,2020.4.9,1680.65,0
1306,2020.4.10,1680.65,0
1307,2020.4.11,1680.65,0
1308,2020.4.12,1680.65,0
1309,2020.4.13,1680.65,0.036444233
1310,2020.4.14,1741.9,-0.013347494
1311,2020.4.15,1718.65,0.006313095
1312,2020.4.16,1729.5,-0.021364556
1313,2020.4.17,1692.55,0
1314,2020.4.18,1692.55,0
1315,2020.4.19,1692.55,-0.003751736
1316,2020.4.20,1686.2,-0.002461155
1317,2020.4.21,1682.05,0.01694361
1318,2020.4.22,1710.55,0.015024407
1319,2020.4.23,1736.25,-0.011720662
1320,2020.4.24,1715.9,0
1321,2020.4.25,1715.9,0
1322,2020.4.26,1715.9,-0.000553645
1323,2020.4.27,1714.95,-0.013644713
1324,2020.4.28,1691.55,0.006975851
1325,2020.4.29,1703.35,-0.000352247
1326,2020.4.30,1702.75,-0.009690207
1327,2020.5.1,1686.25,0
1328,2020.5.2,1686.25,0
1329,2020.5.3,1686.25,0.013550778
1330,2020.5.4,1709.1,-0.005587736
1331,2020.5.5,1699.55,-0.004736548
1332,2020.5.6,1691.5,0.00741945
1333,2020.5.7,1704.05,0
1334,2020.5.8,1704.05,0
1335,2020.5.9,1704.05,0
1336,2020.5.10,1704.05,-0.000762888
1337,2020.5.11,1702.75,-0.00020555
1338,2020.5.12,1702.4,0.003524436
1339,2020.5.13,1708.4,0.013579958
1340,2020.5.14,1731.6,0.002165627
1341,2020.5.15,1735.35,0
1342,2020.5.16,1735.35,0
1343,2020.5.17,1735.35,-0.000374564
1344,2020.5.18,1734.7,0.001873523
1345,2020.5.19,1737.95,0.005955292
1346,2020.5.20,1748.3,-0.013384431
1347,2020.5.21,1724.9,0.005014783
1348,2020.5.22,1733.55,0
1349,2020.5.23,1733.55,0
1350,2020.5.24,1733.55,0
1351,2020.5.25,1733.55,-0.007672118
1352,2020.5.26,1720.25,-0.014910623
1353,2020.5.27,1694.6,0.013424997
1354,2020.5.28,1717.35,0.00660902
1355,2020.5.29,1728.7,0
1356,2020.5.30,1728.7,0
1357,2020.5.31,1728.7,0.001099092
1358,2020.6.1,1730.6,0.006673986
1359,2020.6.2,1742.15,-0.021123325
1360,2020.6.3,1705.35,-0.003107866
1361,2020.6.4,1700.05,-0.009764419
1362,2020.6.5,1683.45,0
1363,2020.6.6,1683.45,0
1364,2020.6.7,1683.45,0.004098726
1365,2020.6.8,1690.35,0.013695389
1366,2020.6.9,1713.5,0.004989787
1367,2020.6.10,1722.05,0.009407392
1368,2020.6.11,1738.25,-0.002732633
1369,2020.6.12,1733.5,0
1370,2020.6.13,1733.5,0
1371,2020.6.14,1733.5,-0.013296798
1372,2020.6.15,1710.45,0.00549563
1373,2020.6.16,1719.85,0.002616507
1374,2020.6.17,1724.35,-0.002812654
1375,2020.6.18,1719.5,0.008868857
1376,2020.6.19,1734.75,0
1377,2020.6.20,1734.75,0
1378,2020.6.21,1734.75,0.015621848
1379,2020.6.22,1761.85,0.004001476
1380,2020.6.23,1768.9,-0.001611171
1381,2020.6.24,1766.05,-0.005379236
1382,2020.6.25,1756.55,-0.005095215
1383,2020.6.26,1747.6,0
1384,2020.6.27,1747.6,0
1385,2020.6.28,1747.6,0.01373312
1386,2020.6.29,1771.6,-0.001975615
1387,2020.6.30,1768.1,0.001668458
1388,2020.7.1,1771.05,0.003613676
1389,2020.7.2,1777.45,-0.002559847
1390,2020.7.3,1772.9,0
1391,2020.7.4,1772.9,0
1392,2020.7.5,1772.9,0.008460714
1393,2020.7.6,1787.9,0.00092287
1394,2020.7.7,1789.55,0.012042133
1395,2020.7.8,1811.1,0.000552151
1396,2020.7.9,1812.1,-0.004966613
1397,2020.7.10,1803.1,0
1398,2020.7.11,1803.1,0
1399,2020.7.12,1803.1,0.002440242
1400,2020.7.13,1807.5,-0.003098202
1401,2020.7.14,1801.9,0.001498418
1402,2020.7.15,1804.6,0.001717832
1403,2020.7.16,1807.7,-0.000193616
1404,2020.7.17,1807.35,0
1405,2020.7.18,1807.35,0
1406,2020.7.19,1807.35,0.004592359
1407,2020.7.20,1815.65,0.014815631
1408,2020.7.21,1842.55,0.005345852
1409,2020.7.22,1852.4,0.013981861
1410,2020.7.23,1878.3,0.012671032
1411,2020.7.24,1902.1,0
1412,2020.7.25,1902.1,0
1413,2020.7.26,1902.1,0.018164134
1414,2020.7.27,1936.65,0.002194511
1415,2020.7.28,1940.9,0.005152249
1416,2020.7.29,1950.9,0.003459942
1417,2020.7.30,1957.65,0.00370342
1418,2020.7.31,1964.9,0
1419,2020.8.1,1964.9,0
1420,2020.8.2,1964.9,-0.003231717
1421,2020.8.3,1958.55,0.009879758
1422,2020.8.4,1977.9,0.035517468
1423,2020.8.5,2048.15,0.009276664
1424,2020.8.6,2067.15,-0.017415282
1425,2020.8.7,2031.15,0
1426,2020.8.8,2031.15,0
1427,2020.8.9,2031.15,0.006572631
1428,2020.8.10,2044.5,-0.051283933
1429,2020.8.11,1939.65,-0.003995566
1430,2020.8.12,1931.9,0.00639267
1431,2020.8.13,1944.25,0.000257169
1432,2020.8.14,1944.75,0
1433,2020.8.15,1944.75,0
1434,2020.8.16,1944.75,0.014449158
1435,2020.8.17,1972.85,0.018197025
1436,2020.8.18,2008.75,-0.013814561
1437,2020.8.19,1981,-0.027183241
1438,2020.8.20,1927.15,-0.001452923
1439,2020.8.21,1924.35,0
1440,2020.8.22,1924.35,0
1441,2020.8.23,1924.35,0.010185257
1442,2020.8.24,1943.95,-0.016872862
1443,2020.8.25,1911.15,0.011406745
1444,2020.8.26,1932.95,-0.00470783
1445,2020.8.27,1923.85,0.017413
1446,2020.8.28,1957.35,0
1447,2020.8.29,1957.35,0
1448,2020.8.30,1957.35,0
1449,2020.8.31,1957.35,0.007663422
1450,2020.9.1,1972.35,-0.012827338
1451,2020.9.2,1947.05,-0.003389743
1452,2020.9.3,1940.45,-0.007292123
1453,2020.9.4,1926.3,0
1454,2020.9.5,1926.3,0
1455,2020.9.6,1926.3,0.001116129
1456,2020.9.7,1928.45,-0.009074645
1457,2020.9.8,1910.95,0.018969622
1458,2020.9.9,1947.2,0.009783279
1459,2020.9.10,1966.25,-0.009586777
1460,2020.9.11,1947.4,0
1461,2020.9.12,1947.4,0
1462,2020.9.13,1947.4,0.005802609
1463,2020.9.14,1958.7,-0.004773574
1464,2020.9.15,1949.35,0.006386744
1465,2020.9.16,1961.8,-0.013023754
1466,2020.9.17,1936.25,0.007540349
1467,2020.9.18,1950.85,0
1468,2020.9.19,1950.85,0
1469,2020.9.20,1950.85,-0.021272779
1470,2020.9.21,1909.35,-0.001754524
1471,2020.9.22,1906,-0.017103882
1472,2020.9.23,1873.4,-0.00621864
1473,2020.9.24,1861.75,-0.001101115
1474,2020.9.25,1859.7,0
1475,2020.9.26,1859.7,0
1476,2020.9.27,1859.7,0.002473517
1477,2020.9.28,1864.3,0.010540149
1478,2020.9.29,1883.95,0.001565859
1479,2020.9.30,1886.9,0.008002544
1480,2020.10.1,1902,0.00055205
1481,2020.10.2,1903.05,0
1482,2020.10.3,1903.05,0
1483,2020.10.4,1903.05,0.003441843
1484,2020.10.5,1909.6,0.001989946
1485,2020.10.6,1913.4,-0.015104003
1486,2020.10.7,1884.5,0.001565402
1487,2020.10.8,1887.45,0.01896739
1488,2020.10.9,1923.25,0
1489,2020.10.10,1923.25,0
1490,2020.10.11,1923.25,0.001169895
1491,2020.10.12,1925.5,-0.01776162
1492,2020.10.13,1891.3,0.009913816
1493,2020.10.14,1910.05,-0.009502369
1494,2020.10.15,1891.9,0.006950684
1495,2020.10.16,1905.05,0
1496,2020.10.17,1905.05,0
1497,2020.10.18,1905.05,0.000288706
1498,2020.10.19,1905.6,-0.003778338
1499,2020.10.20,1898.4,0.013564054
1500,2020.10.21,1924.15,-0.012057272
1501,2020.10.22,1900.95,0.001420342
1502,2020.10.23,1903.65,0
1503,2020.10.24,1903.65,0
1504,2020.10.25,1903.65,-0.002731595
1505,2020.10.26,1898.45,0.003818905
1506,2020.10.27,1905.7,-0.018759511
1507,2020.10.28,1869.95,0.000187171
1508,2020.10.29,1870.3,0.00617548
1509,2020.10.30,1881.85,0
1510,2020.10.31,1881.85,0
1511,2020.11.1,1881.85,0.004277705
1512,2020.11.2,1889.9,0.009735965
1513,2020.11.3,1908.3,-0.004270817
1514,2020.11.4,1900.15,0.020156303
1515,2020.11.5,1938.45,0.001212309
1516,2020.11.6,1940.8,0
1517,2020.11.7,1940.8,0
1518,2020.11.8,1940.8,-0.037870981
1519,2020.11.9,1867.3,0.006105071
1520,2020.11.10,1878.7,-0.009448023
1521,2020.11.11,1860.95,0.007469303
1522,2020.11.12,1874.85,0.008560685
1523,2020.11.13,1890.9,0
1524,2020.11.14,1890.9,0
1525,2020.11.15,1890.9,-0.002802898
1526,2020.11.16,1885.6,0.001829656
1527,2020.11.17,1889.05,-0.006855298
1528,2020.11.18,1876.1,-0.009994137
1529,2020.11.19,1857.35,0.009879667
1530,2020.11.20,1875.7,0
1531,2020.11.21,1875.7,0
1532,2020.11.22,1875.7,-0.018926268
1533,2020.11.23,1840.2,-0.022062819
1534,2020.11.24,1799.6,0.005890198
1535,2020.11.25,1810.2,-0.00154679
1536,2020.11.26,1807.4,-0.015547195
1537,2020.11.27,1779.3,0
1538,2020.11.28,1779.3,0
1539,2020.11.29,1779.3,-0.009413814
1540,2020.11.30,1762.55,0.027346742
1541,2020.12.1,1810.75,0.00654425
1542,2020.12.2,1822.6,0.005349501
1543,2020.12.3,1832.35,0.005812208
1544,2020.12.4,1843,0
1545,2020.12.5,1843,0
1546,2020.12.6,1843,0.009196961
1547,2020.12.7,1859.95,0.004408721
1548,2020.12.8,1868.15,-0.014131628
1549,2020.12.9,1841.75,0.001411701
1550,2020.12.10,1844.35,-0.001274162
1551,2020.12.11,1842,0
1552,2020.12.12,1842,0
1553,2020.12.13,1842,-0.005890337
1554,2020.12.14,1831.15,0.010649046
1555,2020.12.15,1850.65,0.000702456
1556,2020.12.16,1851.95,0.02095089
1557,2020.12.17,1890.75,-0.005817797
1558,2020.12.18,1879.75,0
1559,2020.12.19,1879.75,0
1560,2020.12.20,1879.75,0.000132996
1561,2020.12.21,1880,-0.001542553
1562,2020.12.22,1877.1,-0.001118747
1563,2020.12.23,1875,0
1564,2020.12.24,1875,0
1565,2020.12.25,1875,0
1566,2020.12.26,1875,0
1567,2020.12.27,1875,0
1568,2020.12.28,1875,-0.000373333
1569,2020.12.29,1874.3,0.007095983
1570,2020.12.30,1887.6,0
1571,2020.12.31,1887.6,0
1572,2021.1.1,1887.6,0
1573,2021.1.2,1887.6,0
1574,2021.1.3,1887.6,0.029455393
1575,2021.1.4,1943.2,-0.001466653
1576,2021.1.5,1940.35,-0.004329116
1577,2021.1.6,1931.95,-0.006133699
1578,2021.1.7,1920.1,-0.029790115
1579,2021.1.8,1862.9,0
1580,2021.1.9,1862.9,0
1581,2021.1.10,1862.9,-0.00840088
1582,2021.1.11,1847.25,-0.003248071
1583,2021.1.12,1841.25,0.009558724
1584,2021.1.13,1858.85,-0.009199236
1585,2021.1.14,1841.75,-0.001493145
1586,2021.1.15,1839,0
1587,2021.1.16,1839,0
1588,2021.1.17,1839,-0.003235454
1589,2021.1.18,1833.05,0.000900139
1590,2021.1.19,1834.7,0.011936556
1591,2021.1.20,1856.6,0.002962404
1592,2021.1.21,1862.1,-0.005048064
1593,2021.1.22,1852.7,0
1594,2021.1.23,1852.7,0
1595,2021.1.24,1852.7,0.002239974
1596,2021.1.25,1856.85,-0.000134637
1597,2021.1.26,1856.6,-0.007325218
1598,2021.1.27,1843,0.005805751
1599,2021.1.28,1853.7,0.005448562
1600,2021.1.29,1863.8,0
1601,2021.1.30,1863.8,0
1602,2021.1.31,1863.8,-0.000456058
1603,2021.2.1,1862.95,-0.016022974
1604,2021.2.2,1833.1,0.001281981
1605,2021.2.3,1835.45,-0.026996104
1606,2021.2.4,1785.9,0.009547007
1607,2021.2.5,1802.95,0
1608,2021.2.6,1802.95,0
1609,2021.2.7,1802.95,0.017915084
1610,2021.2.8,1835.25,0.002370249
1611,2021.2.9,1839.6,0.001657969
1612,2021.2.10,1842.65,-0.001383876
1613,2021.2.11,1840.1,-0.012906907
1614,2021.2.12,1816.35,0
1615,2021.2.13,1816.35,0
1616,2021.2.14,1816.35,0.000523027
1617,2021.2.15,1817.3,-0.012683652
1618,2021.2.16,1794.25,-0.007551902
1619,2021.2.17,1780.7,-0.004239906
1620,2021.2.18,1773.15,0.007359783
1621,2021.2.19,1786.2,0
1622,2021.2.20,1786.2,0
1623,2021.2.21,1786.2,0.011896764
1624,2021.2.22,1807.45,-0.004315472
1625,2021.2.23,1799.65,-0.006473481
1626,2021.2.24,1788,-0.004670022
1627,2021.2.25,1779.65,-0.020678223
1628,2021.2.26,1742.85,0
1629,2021.2.27,1742.85,0
1630,2021.2.28,1742.85,-0.004991824
1631,2021.3.1,1734.15,-0.005939509
1632,2021.3.2,1723.85,-0.007222206
1633,2021.3.3,1711.4,0.000409022
1634,2021.3.4,1712.1,-0.009257637
1635,2021.3.5,1696.25,0
1636,2021.3.6,1696.25,0
1637,2021.3.7,1696.25,-0.005423729
1638,2021.3.8,1687.05,0.017693607
1639,2021.3.9,1716.9,-0.000407712
1640,2021.3.10,1716.2,0.004690596
1641,2021.3.11,1724.25,-0.011280267
1642,2021.3.12,1704.8,0
1643,2021.3.13,1704.8,0
1644,2021.3.14,1704.8,0.011057015
1645,2021.3.15,1723.65,0.006584864
1646,2021.3.16,1735,-0.003083573
1647,2021.3.17,1729.65,-0.002168069
1648,2021.3.18,1725.9,0.005388493
1649,2021.3.19,1735.2,0
1650,2021.3.20,1735.2,0
1651,2021.3.21,1735.2,0.000547487
1652,2021.3.22,1736.15,-0.005731072
1653,2021.3.23,1726.2,0.002491021
1654,2021.3.24,1730.5,0.0039295
1655,2021.3.25,1737.3,-0.003165832
1656,2021.3.26,1731.8,0
1657,2021.3.27,1731.8,0
1658,2021.3.28,1731.8,-0.014926666
1659,2021.3.29,1705.95,-0.01289604
1660,2021.3.30,1683.95,0.004216277
1661,2021.3.31,1691.05,0.0206972
1662,2021.4.1,1726.05,0
1663,2021.4.2,1726.05,0
1664,2021.4.3,1726.05,0
1665,2021.4.4,1726.05,0
1666,2021.4.5,1726.05,0.010776049
1667,2021.4.6,1744.65,-0.003782994
1668,2021.4.7,1738.05,0.010039987
1669,2021.4.8,1755.5,-0.008145827
1670,2021.4.9,1741.2,0
1671,2021.4.10,1741.2,0
1672,2021.4.11,1741.2,-0.004795543
1673,2021.4.12,1732.85,0.008713968
1674,2021.4.13,1747.95,-0.007094024
1675,2021.4.14,1735.55,0.012474432
1676,2021.4.15,1757.2,0.009816754
1677,2021.4.16,1774.45,0
1678,2021.4.17,1774.45,0
1679,2021.4.18,1774.45,2.81777E-05
1680,2021.4.19,1774.5,0.001887856
1681,2021.4.20,1777.85,0.01144641
1682,2021.4.21,1798.2,-0.005811367
1683,2021.4.22,1787.75,-0.003328206
1684,2021.4.23,1781.8,0
1685,2021.4.24,1781.8,0
1686,2021.4.25,1781.8,-0.004742395
1687,2021.4.26,1773.35,0.006090168
1688,2021.4.27,1784.15,-0.006697867
1689,2021.4.28,1772.2,-0.005388782
1690,2021.4.29,1762.65,0.002836638
1691,2021.4.30,1767.65,0
1692,2021.5.1,1767.65,0
1693,2021.5.2,1767.65,0
1694,2021.5.3,1767.65,0.017028258
1695,2021.5.4,1797.75,-0.008621888
1696,2021.5.5,1782.25,0.017337635
1697,2021.5.6,1813.15,0.012905717
1698,2021.5.7,1836.55,0
1699,2021.5.8,1836.55,0
1700,2021.5.9,1836.55,0.002123547
1701,2021.5.10,1840.45,-0.00616697
1702,2021.5.11,1829.1,0.000874747
1703,2021.5.12,1830.7,-0.004861528
1704,2021.5.13,1821.8,0.008947195
1705,2021.5.14,1838.1,0
1706,2021.5.15,1838.1,0
1707,2021.5.16,1838.1,0.008487025
1708,2021.5.17,1853.7,0.007039974
1709,2021.5.18,1866.75,0.011624481
1710,2021.5.19,1888.45,-0.005374778
1711,2021.5.20,1878.3,-0.001277751
1712,2021.5.21,1875.9,0
1713,2021.5.22,1875.9,0
1714,2021.5.23,1875.9,0.002265579
1715,2021.5.24,1880.15,0.003643326
1716,2021.5.25,1887,0.006756757
1717,2021.5.26,1899.75,-0.004368996
1718,2021.5.27,1891.45,0.004493907
1719,2021.5.28,1899.95,0
1720,2021.5.29,1899.95,0
1721,2021.5.30,1899.95,0
1722,2021.5.31,1899.95,-0.000315798
1723,2021.6.1,1899.35,0.001790086
1724,2021.6.2,1902.75,-0.019025095
1725,2021.6.3,1866.55,0.012884734
1726,2021.6.4,1890.6,0
1727,2021.6.5,1890.6,0
1728,2021.6.6,1890.6,-0.001163652
1729,2021.6.7,1888.4,0.002515357
1730,2021.6.8,1893.15,0.000765919
1731,2021.6.9,1894.6,-0.003140505
1732,2021.6.10,1888.65,-0.004024038
1733,2021.6.11,1881.05,0
1734,2021.6.12,1881.05,0
1735,2021.6.13,1881.05,-0.008213498
1736,2021.6.14,1865.6,-0.00026801
1737,2021.6.15,1865.1,-0.002332315
1738,2021.6.16,1860.75,-0.044095123
1739,2021.6.17,1778.7,-0.003148367
1740,2021.6.18,1773.1,0
1741,2021.6.19,1773.1,0
1742,2021.6.20,1773.1,0.001099769
1743,2021.6.21,1775.05,0
1744,2021.6.22,1775.05,0.009323681
1745,2021.6.23,1791.6,-0.003767582
1746,2021.6.24,1784.85,0.001008488
1747,2021.6.25,1786.65,0
1748,2021.6.26,1786.65,0
1749,2021.6.27,1786.65,-0.003554138
1750,2021.6.28,1780.3,-0.013958322
1751,2021.6.29,1755.45,0.00438634
1752,2021.6.30,1763.15,0.010407509
1753,2021.7.1,1781.5,0.00261016
1754,2021.7.2,1786.15,0
1755,2021.7.3,1786.15,0
1756,2021.7.4,1786.15,0.00291129
1757,2021.7.5,1791.35,0.010327407
1758,2021.7.6,1809.85,-0.002873166
1759,2021.7.7,1804.65,0.001690078
1760,2021.7.8,1807.7,-0.000940422
1761,2021.7.9,1806,0
1762,2021.7.10,1806,0
1763,2021.7.11,1806,-0.007530454
1764,2021.7.12,1792.4,0.011967195
1765,2021.7.13,1813.85,0.005154781
1766,2021.7.14,1823.2,0.000301667
1767,2021.7.15,1823.75,0.000301576
1768,2021.7.16,1824.3,0
1769,2021.7.17,1824.3,0
1770,2021.7.18,1824.3,-0.005152661
1771,2021.7.19,1814.9,0.004490606
1772,2021.7.20,1823.05,-0.011464304
1773,2021.7.21,1802.15,-0.00149821
1774,2021.7.22,1799.45,8.33588E-05
1775,2021.7.23,1799.6,0
1776,2021.7.24,1799.6,0
1777,2021.7.25,1799.6,0.000333407
1778,2021.7.26,1800.2,8.33241E-05
1779,2021.7.27,1800.35,-0.002082928
1780,2021.7.28,1796.6,0.018201046
1781,2021.7.29,1829.3,-0.001940633
1782,2021.7.30,1825.75,0
1783,2021.7.31,1825.75,0
1784,2021.8.1,1825.75,-0.007832398
1785,2021.8.2,1811.45,0.000662453
1786,2021.8.3,1812.65,0.009075111
1787,2021.8.4,1829.1,-0.015499426
1788,2021.8.5,1800.75,-0.02101902
1789,2021.8.6,1762.9,0
1790,2021.8.7,1762.9,0
1791,2021.8.8,1762.9,-0.013642294
1792,2021.8.9,1738.85,-0.008913937
1793,2021.8.10,1723.35,0.01175037
1794,2021.8.11,1743.6,0.002179399
1795,2021.8.12,1747.4,0.015136775
1796,2021.8.13,1773.85,0
1797,2021.8.14,1773.85,0
1798,2021.8.15,1773.85,0.007046819
1799,2021.8.16,1786.35,0.001735382
1800,2021.8.17,1789.45,-0.003352986
1801,2021.8.18,1783.45,-0.000784995
1802,2021.8.19,1782.05,-0.001683454
1803,2021.8.20,1779.05,0
1804,2021.8.21,1779.05,0
1805,2021.8.22,1779.05,0.012900143
1806,2021.8.23,1802,0.003579356
1807,2021.8.24,1808.45,-0.010920954
1808,2021.8.25,1788.7,-0.001174037
1809,2021.8.26,1786.6,0.006660696
1810,2021.8.27,1798.5,0
1811,2021.8.28,1798.5,0
1812,2021.8.29,1798.5,0
1813,2021.8.30,1798.5,0.009090909
1814,2021.8.31,1814.85,-0.00168058
1815,2021.9.1,1811.8,0.000413953
1816,2021.9.2,1812.55,0.006151554
1817,2021.9.3,1823.7,0
1818,2021.9.4,1823.7,0
1819,2021.9.5,1823.7,-0.001151505
1820,2021.9.6,1821.6,-0.010677426
1821,2021.9.7,1802.15,-0.008961518
1822,2021.9.8,1786,0.001259798
1823,2021.9.9,1788.25,0.003550958
1824,2021.9.10,1794.6,-1
