data,bitebi,gold
2016.9.12,-462.9437294,1326.457708
2016.9.13,-499.4773768,1324.85729
2016.9.14,-480.0632297,1322.919793
2016.9.15,-520.5999017,1320.588886
2016.9.16,-499.4758447,1318.432368
2016.9.17,-532.1223806,1318.432368
2016.9.18,-451.4005357,1318.432368
2016.9.19,-467.3610662,1310.750284
2016.9.20,-515.25185,1308.282567
2016.9.21,-513.3421956,1305.592884
2016.9.22,-576.9609984,1302.640495
2016.9.23,-583.7474633,1300.006283
2016.9.24,-648.2248159,1300.006283
2016.9.25,-602.2124955,1300.006283
2016.9.26,-654.6155475,1291.84137
2016.9.27,-739.4645915,1289.542881
2016.9.28,-773.7750211,1287.186037
2016.9.29,-871.6213937,1284.724325
2016.9.30,-909.4247082,1282.72975
2016.10.1,-1000.561952,1282.72975
2016.10.2,-975.8123818,1282.72975
2016.10.3,-1043.178267,1277.246787
2016.10.4,-1135.952546,1276.041191
2016.10.5,-1170.601237,1274.844328
2016.10.6,-1260.855843,1273.588343
2016.10.7,-1283.012911,1272.823253
2016.10.8,-1350.549703,1272.823253
2016.10.9,-1294.570233,1272.823253
2016.10.10,-1323.619343,1270.951252
2016.10.11,-1371.737425,1270.85321
2016.10.12,-1356.323924,1270.683709
2016.10.13,-1392.205389,1270.358183
2016.10.14,-1356.905863,1270.412078
2016.10.15,-1365.229381,1270.412078
2016.10.16,-1249.669766,1270.412078
2016.10.17,-1220.186386,1270.219328
2016.10.18,-1212.219588,1270.398747
2016.10.19,-1144.515056,1270.360845
2016.10.20,-1133.153988,1270.022261
2016.10.21,-1056.787971,1269.922186
2016.10.22,-1031.189378,1269.922186
2016.10.23,-889.6333914,1269.922186
2016.10.24,-842.6511717,1268.493652
2016.10.25,-826.0285341,1268.036716
2016.10.26,-758.6199222,1267.270839
2016.10.27,-756.3748847,1266.126639
2016.10.28,-697.5760868,1265.157918
2016.10.29,-697.3996141,1265.157918
2016.10.30,-588.3134176,1265.157918
2016.10.31,-579.8529752,1260.893843
2016.11.1,-606.6479033,1259.463429
2016.11.2,-586.268515,1257.732442
2016.11.3,-633.2886056,1255.643571
2016.11.4,-624.5624496,1253.761475
2016.11.5,-673.8256414,1253.761475
2016.11.6,-612.1344475,1253.761475
2016.11.7,-647.6815499,1247.0332
2016.11.8,-713.8607355,1244.895575
2016.11.9,-727.1484018,1242.522015
2016.11.10,-801.1971263,1239.857722
2016.11.11,-812.1383344,1237.468666
2016.11.12,-873.2029759,1237.468666
2016.11.13,-815.1742175,1237.468666
2016.11.14,-846.2096382,1229.62853
2016.11.15,-899.905264,1227.252276
2016.11.16,-893.1693037,1224.702665
2016.11.17,-940.3010361,1221.922488
2016.11.18,-918.2723223,1219.475305
2016.11.19,-941.3212108,1219.475305
2016.11.20,-841.3724867,1219.475305
2016.11.21,-827.8235723,1211.786372
2016.11.22,-835.5692007,1209.563906
2016.11.23,-782.8339052,1207.218407
2016.11.24,-785.2090164,1204.692644
2016.11.25,-720.8929203,1202.550685
2016.11.26,-705.2453067,1202.550685
2016.11.27,-571.1714824,1202.550685
2016.11.28,-528.8762938,1196.094112
2016.11.29,-513.8620991,1194.393554
2016.11.30,-444.7407052,1192.628686
2016.12.1,-437.2566551,1190.744094
2016.12.2,-369.521114,1189.305392
2016.12.3,-356.5673648,1189.305392
2016.12.4,-230.7440392,1189.305392
2016.12.5,-201.4854511,1185.338966
2016.12.6,-203.3330687,1184.594252
2016.12.7,-153.7774142,1183.845332
2016.12.8,-167.3169518,1183.033504
2016.12.9,-120.7322028,1182.719907
2016.12.10,-127.684938,1182.719907
2016.12.11,-19.1572916,1182.719907
2016.12.12,-3.268797681,1182.379673
2016.12.13,-13.34397223,1182.900225
2016.12.14,34.20168577,1183.428482
2016.12.15,25.76209369,1183.894464
2016.12.16,85.23044669,1184.847251
2016.12.17,99.36987581,1184.847251
2016.12.18,237.3510889,1184.847251
2016.12.19,290.9198379,1188.109412
2016.12.20,326.3222222,1189.721396
2016.12.21,426.42035,1191.264811
2016.12.22,476.603327,1192.657414
2016.12.23,599.4965218,1194.436824
2016.12.24,680.3600778,1194.436824
2016.12.25,886.6622355,1194.436824
2016.12.26,1008.289455,1194.436824
2016.12.27,1109.52027,1194.436824
2016.12.28,1271.194144,1194.436824
2016.12.29,1376.678867,1203.170468
2016.12.30,1546.637917,1204.621053
2016.12.31,1664.48714,1206.317826
2017.1.1,1896.024668,1206.317826
2017.1.2,2029.694443,1206.317826
2017.1.3,2128.608702,1206.317826
2017.1.4,2272.759236,1206.317826
2017.1.5,2345.019643,1211.634185
2017.1.6,2465.938878,1212.652863
2017.1.7,2519.214533,1213.278274
2017.1.8,2671.329125,1214.059997
2017.1.9,2711.809356,1214.059997
2017.1.10,2705.233607,1214.059997
2017.1.11,2733.417662,1214.895869
2017.1.12,2681.381372,1216.027775
2017.1.13,2672.097303,1216.826899
2017.1.14,2591.910837,1217.235921
2017.1.15,2610.116274,1217.820577
2017.1.16,2519.150337,1217.820577
2017.1.17,2386.530022,1217.820577
2017.1.18,2296.966521,1218.333075
2017.1.19,2138.259788,1218.570286
2017.1.20,2035.976667,1218.56172
2017.1.21,1878.803922,1218.259408
2017.1.22,1838.062473,1218.236621
2017.1.23,1707.845958,1218.236621
2017.1.24,1556.912032,1218.236621
2017.1.25,1470.759449,1217.596167
2017.1.26,1337.496565,1217.677308
2017.1.27,1282.504952,1217.624199
2017.1.28,1193.789963,1217.384278
2017.1.29,1241.504739,1217.524314
2017.1.30,1218.110629,1217.524314
2017.1.31,1190.301991,1217.524314
2017.2.1,1241.12766,1217.883861
2017.2.2,1255.913663,1218.430993
2017.2.3,1356.989582,1218.888214
2017.2.4,1429.108859,1219.188411
2017.2.5,1639.047796,1219.883235
2017.2.6,1775.844382,1219.883235
2017.2.7,1902.802921,1219.883235
2017.2.8,2099.694761,1221.841105
2017.2.9,2248.757695,1222.848547
2017.2.10,2469.494505,1223.706007
2017.2.11,2644.159112,1224.333437
2017.2.12,2937.413435,1225.270806
2017.2.13,3136.614623,1225.270806
2017.2.14,3303.85743,1225.270806
2017.2.15,3518.201089,1227.354612
2017.2.16,3661.682623,1228.181293
2017.2.17,3854.116739,1228.740559
2017.2.18,3978.570779,1228.951959
2017.2.19,4200.998161,1229.357305
2017.2.20,4310.490602,1229.357305
2017.2.21,4371.274858,1229.357305
2017.2.22,4464.884535,1229.201248
2017.2.23,4476.110372,1229.095024
2017.2.24,4527.730783,1228.647529
2017.2.25,4505.912956,1227.792661
2017.2.26,4579.769846,1227.088169
2017.2.27,4541.535339,1227.088169
2017.2.28,4458.485288,1227.088169
2017.3.1,4415.036901,1223.519239
2017.3.2,4298.631731,1222.311264
2017.3.3,4234.40571,1220.812863
2017.3.4,4110.538033,1218.977643
2017.3.5,4097.765483,1217.382557
2017.3.6,3989.52547,1217.382557
2017.3.7,3892.385563,1217.382557
2017.3.8,3852.545608,1211.857784
2017.3.9,3757.311353,1209.860086
2017.3.10,3731.249245,1207.738536
2017.3.11,3661.560444,1205.456126
2017.3.12,3717.630501,1203.596613
2017.3.13,3691.216903,1203.596613
2017.3.14,3648.401566,1203.596613
2017.3.15,3671.739709,1198.400809
2017.3.16,3646.208744,1197.308908
2017.3.17,3693.958691,1196.26634
2017.3.18,3699.753553,1195.225196
2017.3.19,3830.587609,1194.755494
2017.3.20,3875.937043,1194.755494
2017.3.21,3899.7723,1194.755494
2017.3.22,3982.761012,1194.444582
2017.3.23,4008.263757,1195.14987
2017.3.24,4097.122972,1195.949773
2017.3.25,4133.133512,1196.771056
2017.3.26,4282.678155,1198.157774
2017.3.27,4334.988064,1198.157774
2017.3.28,4354.153507,1198.157774
2017.3.29,4421.314858,1203.120333
2017.3.30,4420.636617,1205.401444
2017.3.31,4474.0655,1207.647639
2017.4.1,4466.762067,1209.765373
2017.4.2,4566.690383,1212.280812
2017.4.3,4564.82709,1212.280812
2017.4.4,4527.116696,1212.280812
2017.4.5,4536.604718,1219.487455
2017.4.6,4479.353056,1222.10686
2017.4.7,4479.140331,1224.480677
2017.4.8,4422.838251,1226.517295
2017.4.9,4479.950055,1228.748426
2017.4.10,4442.773792,1228.748426
2017.4.11,4378.318523,1228.748426
2017.4.12,4370.40608,1233.990122
2017.4.13,4305.563614,1235.635346
2017.4.14,4307.710224,1236.907987
2017.4.15,4263.52905,1237.739345
2017.4.16,4342.01093,1237.739345
2017.4.17,4334.63217,1237.739345
2017.4.18,4307.294039,1237.739345
2017.4.19,4342.455924,1237.739345
2017.4.20,4325.06645,1240.159156
2017.4.21,4377.294737,1240.14057
2017.4.22,4383.951904,1239.755178
2017.4.23,4512.087532,1239.581378
2017.4.24,4551.222152,1239.581378
2017.4.25,4565.341857,1239.581378
2017.4.26,4635.085462,1238.156436
2017.4.27,4643.727035,1237.897822
2017.4.28,4711.9546,1237.484525
2017.4.29,4723.333846,1236.87622
2017.4.30,4843.940441,1236.652237
2017.5.1,4862.621096,1236.652237
2017.5.2,4843.008737,1236.652237
2017.5.3,4865.721733,1236.652237
2017.5.4,4823.69782,1236.395236
2017.5.5,4828.922981,1236.693141
2017.5.6,4765.925379,1236.907554
2017.5.7,4802.037313,1237.372072
2017.5.8,4727.626545,1237.372072
2017.5.9,4608.07507,1237.372072
2017.5.10,4525.936293,1239.203867
2017.5.11,4366.874313,1240.375313
2017.5.12,4254.387329,1241.505718
2017.5.13,4075.205557,1242.516886
2017.5.14,3998.849014,1243.949585
2017.5.15,3817.807356,1243.949585
2017.5.16,3599.469252,1243.949585
2017.5.17,3428.233487,1248.182554
2017.5.18,3191.406625,1249.940345
2017.5.19,3013.890236,1251.533072
2017.5.20,2783.548897,1252.876314
2017.5.21,2670.744995,1254.507337
2017.5.22,2468.502949,1254.507337
2017.5.23,2244.43061,1254.507337
2017.5.24,2082.830076,1258.537765
2017.5.25,1870.602604,1259.976298
2017.5.26,1731.950269,1261.13648
2017.5.27,1553.765085,1261.944232
2017.5.28,1505.190903,1262.948613
2017.5.29,1377.819898,1262.948613
2017.5.30,1237.650472,1262.948613
2017.5.31,1167.237773,1262.948613
2017.6.1,1051.640455,1265.267064
2017.6.2,1013.165228,1265.548751
2017.6.3,936.7988019,1265.469173
2017.6.4,989.8115014,1265.590045
2017.6.5,961.9933661,1265.590045
2017.6.6,917.6486365,1265.590045
2017.6.7,937.7790608,1264.808774
2017.6.8,906.0589497,1264.626496
2017.6.9,943.6030169,1264.192285
2017.6.10,934.4162356,1263.450136
2017.6.11,1045.009765,1262.964929
2017.6.12,1064.6437,1262.964929
2017.6.13,1057.322637,1262.964929
2017.6.14,1103.974732,1260.716243
2017.6.15,1088.41754,1260.160145
2017.6.16,1132.112152,1259.406805
2017.6.17,1119.595448,1258.397567
2017.6.18,1218.075178,1257.694385
2017.6.19,1217.649317,1257.694385
2017.6.20,1183.276456,1257.694385
2017.6.21,1196.928628,1255.057297
2017.6.22,1143.530596,1254.451873
2017.6.23,1145.687842,1253.686307
2017.6.24,1089.093685,1252.701125
2017.6.25,1142.100831,1252.058194
2017.6.26,1095.919287,1252.058194
2017.6.27,1016.567788,1252.058194
2017.6.28,987.0104231,1249.829206
2017.6.29,893.0826866,1249.442282
2017.6.30,858.2092464,1248.941079
2017.7.1,768.8038598,1248.269371
2017.7.2,793.8366062,1247.992326
2017.7.3,725.0301784,1247.992326
2017.7.4,628.8120962,1247.992326
2017.7.5,588.4542107,1247.204936
2017.7.6,490.0033413,1247.686499
2017.7.7,457.0049456,1248.116129
2017.7.8,375.9098436,1248.436821
2017.7.9,415.6487664,1249.211633
2017.7.10,367.8360959,1249.211633
2017.7.11,298.7293209,1249.211633
2017.7.12,291.3752889,1251.893297
2017.7.13,231.5468647,1253.347377
2017.7.14,242.4717334,1254.775822
2017.7.15,210.2432744,1256.110567
2017.7.16,303.3982542,1257.902399
2017.7.17,313.1227533,1257.902399
2017.7.18,305.2129643,1257.902399
2017.7.19,362.2221112,1263.516385
2017.7.20,369.3973225,1265.860081
2017.7.21,449.4084497,1268.109803
2017.7.22,487.7590406,1270.183343
2017.7.23,652.3645052,1272.618161
2017.7.24,733.7591765,1272.618161
2017.7.25,797.0591713,1272.618161
2017.7.26,924.1125356,1279.47228
2017.7.27,999.4406985,1281.97031
2017.7.28,1144.973361,1284.235325
2017.7.29,1245.467096,1286.182957
2017.7.30,1468.092698,1288.351071
2017.7.31,1602.652907,1288.351071
2017.8.1,1713.557255,1288.351071
2017.8.2,1881.985297,1293.603624
2017.8.3,1991.841953,1295.327891
2017.8.4,2164.506723,1296.718764
2017.8.5,2284.266659,1297.706757
2017.8.6,2517.917662,1298.846305
2017.8.7,2654.995286,1298.846305
2017.8.8,2759.761301,1298.846305
2017.8.9,2913.376812,1300.783178
2017.8.10,2999.865227,1301.389857
2017.8.11,3140.866431,1301.689152
2017.8.12,3221.071712,1301.629986
2017.8.13,3407.823745,1301.783994
2017.8.14,3491.342628,1301.783994
2017.8.15,3536.704148,1301.783994
2017.8.16,3626.001099,1301.279523
2017.8.17,3644.291048,1301.281513
2017.8.18,3714.332175,1301.092786
2017.8.19,3721.997041,1300.665214
2017.8.20,3835.849058,1300.570354
2017.8.21,3847.34316,1300.570354
2017.8.22,3822.777477,1300.570354
2017.8.23,3845.42747,1299.990876
2017.8.24,3801.466673,1300.162396
2017.8.25,3814.676348,1300.21949
2017.8.26,3771.834676,1300.098279
2017.8.27,3842.27095,1300.352992
2017.8.28,3818.046931,1300.352992
2017.8.29,3765.892782,1300.352992
2017.8.30,3769.329567,1300.352992
2017.8.31,3714.582845,1301.398247
2017.9.1,3725.290011,1302.291226
2017.9.2,3687.892147,1302.937513
2017.9.3,3771.195907,1303.875908
2017.9.4,3766.567487,1303.875908
2017.9.5,3739.885858,1303.875908
2017.9.6,3773.686845,1305.843729
2017.9.7,3753.102114,1306.58901
2017.9.8,3800.595045,1307.044984
2017.9.9,3801.383559,1307.131764
2017.9.10,3923.034598,1307.392447
2017.9.11,3955.691431,1307.392447
2017.9.12,3964.060072,1307.392447
2017.9.13,4029.585462,1306.706951
2017.9.14,4036.420572,1306.40472
2017.9.15,4106.189558,1305.759457
2017.9.16,4123.434224,1304.710783
2017.9.17,4255.227788,1303.822588
2017.9.18,4291.416566,1303.822588
2017.9.19,4296.615351,1303.822588
2017.9.20,4352.386872,1299.826905
2017.9.21,4343.208312,1298.538639
2017.9.22,4391.226033,1296.999995
2017.9.23,4381.687946,1295.168805
2017.9.24,4482.537859,1293.625122
2017.9.25,4484.632912,1293.625122
2017.9.26,4453.71052,1293.625122
2017.9.27,4472.53598,1288.54865
2017.9.28,4426.834589,1287.221922
2017.9.29,4440.010372,1285.811079
2017.9.30,4398.541884,1284.272241
2017.10.1,4471.540447,1283.180489
2017.10.2,4450.932957,1283.180489
2017.10.3,4403.396711,1283.180489
2017.10.4,4412.478327,1280.321542
2017.10.5,4364.501455,1279.975568
2017.10.6,4383.266138,1279.637633
2017.10.7,4355.430854,1279.243969
2017.10.8,4450.063058,1279.348552
2017.10.9,4458.820638,1279.348552
2017.10.10,4447.891799,1279.348552
2017.10.11,4500.125377,1280.1658
2017.10.12,4500.956009,1281.001324
2017.10.13,4573.126538,1281.788154
2017.10.14,4602.098092,1282.443546
2017.10.15,4755.632875,1283.504267
2017.10.16,4824.011196,1283.504267
2017.10.17,4872.009249,1283.504267
2017.10.18,4981.068579,1286.492993
2017.10.19,5035.260534,1287.785926
2017.10.20,5156.046972,1288.886559
2017.10.21,5227.726538,1289.710005
2017.10.22,5417.050513,1290.793577
2017.10.23,5513.468765,1290.793577
2017.10.24,5581.131497,1290.793577
2017.10.25,5701.076975,1293.022755
2017.10.26,5757.207998,1293.812039
2017.10.27,5871.048352,1294.301304
2017.10.28,5927.2166,1294.4184
2017.10.29,6093.004756,1294.714417
2017.10.30,6158.619069,1294.714417
2017.10.31,6189.160729,1294.714417
2017.11.1,6266.786958,1294.24007
2017.11.2,6276.655979,1294.063962
2017.11.3,6341.657641,1293.579669
2017.11.4,6347.819851,1292.728387
2017.11.5,6463.875933,1292.073555
2017.11.6,6481.45483,1292.073555
2017.11.7,6467.021417,1292.073555
2017.11.8,6503.998907,1288.956953
2017.11.9,6478.677982,1287.998374
2017.11.10,6514.915507,1286.791254
2017.11.11,6499.513927,1285.280956
2017.11.12,6601.767274,1284.033746
2017.11.13,6613.636356,1284.033746
2017.11.14,6601.680868,1284.033746
2017.11.15,6649.180668,1279.550526
2017.11.16,6642.050906,1278.271977
2017.11.17,6703.553725,1276.810223
2017.11.18,6719.697254,1275.108451
2017.11.19,6858.80726,1273.730545
2017.11.20,6911.733305,1273.730545
2017.11.21,6943.81621,1273.730545
2017.11.22,7037.048023,1269.19638
2017.11.23,7076.028055,1268.007859
2017.11.24,7182.716412,1266.687244
2017.11.25,7241.874531,1265.177027
2017.11.26,7420.676778,1264.040931
2017.11.27,7508.953733,1264.040931
2017.11.28,7571.192788,1264.040931
2017.11.29,7688.726241,1260.539939
2017.11.30,7745.709476,1259.80264
2017.12.1,7863.889982,1258.989554
2017.12.2,7928.056123,1258.045109
2017.12.3,8105.649416,1257.534891
2017.12.4,8187.000798,1257.534891
2017.12.5,8237.316666,1257.534891
2017.12.6,8338.845186,1256.286291
2017.12.7,8376.826062,1256.426771
2017.12.8,8474.225273,1256.554122
2017.12.9,8517.144669,1256.610862
2017.12.10,8674.391299,1257.159577
2017.12.11,8737.668222,1257.159577
2017.12.12,8773.513915,1257.159577
2017.12.13,8865.42219,1259.386407
2017.12.14,8899.747228,1260.762828
2017.12.15,9000.396632,1262.15081
2017.12.16,9054.20371,1263.482773
2017.12.17,9230.465081,1265.310242
2017.12.18,9321.106428,1265.310242
2017.12.19,9392.604408,1265.310242
2017.12.20,9528.097307,1271.272732
2017.12.21,9613.289521,1273.817854
2017.12.22,9771.152967,1276.314349
2017.12.23,9887.31659,1278.681715
2017.12.24,10080.11377,1281.459049
2017.12.25,10189.32984,1281.459049
2017.12.26,10279.61703,1281.459049
2017.12.27,10432.16829,1281.459049
2017.12.28,10530.67397,1281.459049
2017.12.29,10696.07892,1281.459049
2017.12.30,10812.02986,1295.559242
2017.12.31,11044.49708,1298.159483
2018.1.1,11182.03109,1301.02996
2018.1.2,11287.77994,1301.02996
2018.1.3,11441.697,1301.02996
2018.1.4,11526.54169,1301.02996
2018.1.5,11662.6735,1301.02996
2018.1.6,11733.52776,1311.250141
2018.1.7,11905.25642,1313.536503
2018.1.8,11966.99372,1315.44121
2018.1.9,11982.87185,1317.510978
2018.1.10,12034.21646,1317.510978
2018.1.11,12005.52447,1317.510978
2018.1.12,12019.2249,1322.233538
2018.1.13,11961.11205,1323.736624
2018.1.14,11999.93501,1324.900749
2018.1.15,11927.60477,1325.66584
2018.1.16,11811.14539,1326.595066
2018.1.17,11734.82067,1326.595066
2018.1.18,11586.0405,1326.595066
2018.1.19,11490.04957,1328.050303
2018.1.20,11335.28933,1328.565588
2018.1.21,11292.91953,1328.814924
2018.1.22,11156.96191,1328.749631
2018.1.23,10996.1946,1328.942654
2018.1.24,10896.22996,1328.942654
2018.1.25,10745.38161,1328.942654
2018.1.26,10669.32424,1328.824807
2018.1.27,10556.43817,1329.041216
2018.1.28,10577.32532,1329.106117
2018.1.29,10524.95968,1328.968753
2018.1.30,10466.6005,1329.19797
2018.1.31,10485.90086,1329.19797
2018.2.1,10468.81639,1329.19797
2018.2.2,10538.31698,1329.768949
2018.2.3,10579.79209,1330.376718
2018.2.4,10760.63485,1330.89434
2018.2.5,10870.46637,1331.257558
2018.2.6,10973.12674,1332.020845
2018.2.7,11148.86316,1332.020845
2018.2.8,11280.3183,1332.020845
2018.2.9,11487.31954,1334.243399
2018.2.10,11652.35772,1335.366859
2018.2.11,11940.23887,1336.357664
2018.2.12,12138.36851,1337.137395
2018.2.13,12308.79352,1338.247314
2018.2.14,12530.43082,1338.247314
2018.2.15,12685.08481,1338.247314
2018.2.16,12892.25364,1340.977617
2018.2.17,13034.61247,1342.063209
2018.2.18,13277.65711,1342.90229
2018.2.19,13409.96789,1343.41331
2018.2.20,13495.21938,1344.136574
2018.2.21,13614.36595,1344.136574
2018.2.22,13651.60643,1344.136574
2018.2.23,13729.12911,1345.023318
2018.2.24,13732.52715,1345.285763
2018.2.25,13830.36926,1344.410117
2018.2.26,13814.38764,1343.129239
2018.2.27,13751.41054,1341.997355
2018.2.28,13725.47165,1341.997355
2018.3.1,13623.7013,1341.997355
2018.3.2,13571.00277,1337.101561
2018.3.3,13455.40531,1335.424299
2018.3.4,13447.5804,1333.437296
2018.3.5,13340.98454,1331.090942
2018.3.6,13203.757,1328.959241
2018.3.7,13120.80543,1328.959241
2018.3.8,12979.68497,1328.959241
2018.3.9,12905.27418,1321.647457
2018.3.10,12785.13928,1319.417378
2018.3.11,12789.07294,1317.029107
2018.3.12,12709.26989,1314.445331
2018.3.13,12612.26701,1312.250058
2018.3.14,12581.0795,1312.250058
2018.3.15,12501.13713,1312.250058
2018.3.16,12495.02257,1305.851519
2018.3.17,12447.90136,1304.299943
2018.3.18,12527.12787,1302.772814
2018.3.19,12522.48797,1301.225633
2018.3.20,12498.20392,1300.232233
2018.3.21,12535.13168,1300.232233
2018.3.22,12516.75276,1300.232233
2018.3.23,12563.96137,1298.287251
2018.3.24,12560.53502,1298.4423
2018.3.25,12672.77214,1298.697196
2018.3.26,12689.75644,1298.983505
2018.3.27,12675.37329,1299.849961
2018.3.28,12710.50797,1299.849961
2018.3.29,12679.02819,1299.849961
2018.3.30,12702.55182,1303.383213
2018.3.31,12665.88892,1305.244367
2018.4.1,12736.64231,1307.104048
2018.4.2,12705.42772,1308.871023
2018.4.3,12637.84002,1308.871023
2018.4.4,12616.5969,1308.871023
2018.4.5,12527.46398,1308.871023
2018.4.6,12493.96395,1308.871023
2018.4.7,12402.76043,1320.03205
2018.4.8,12423.20259,1322.282569
2018.4.9,12347.49284,1324.229794
2018.4.10,12242.60586,1326.402627
2018.4.11,12192.39135,1326.402627
2018.4.12,12083.46579,1326.402627
2018.4.13,12039.89653,1331.620299
2018.4.14,11948.56966,1333.293857
2018.4.15,11978.72789,1334.605291
2018.4.16,11922.14122,1335.481014
2018.4.17,11845.03804,1336.472363
2018.4.18,11830.22914,1336.472363
2018.4.19,11763.02888,1336.472363
2018.4.20,11765.97612,1337.733437
2018.4.21,11724.24537,1338.037754
2018.4.22,11805.23299,1337.998704
2018.4.23,11798.77994,1337.568261
2018.4.24,11769.1573,1335.885869
2018.4.25,11797.2454,1335.885869
2018.4.26,11766.50943,1335.885869
2018.4.27,11797.77256,1329.752844
2018.4.28,11774.67566,1327.861153
2018.4.29,11863.30712,1325.783064
2018.4.30,11852.46312,1323.479297
2018.5.1,11805.66366,1321.530818
2018.5.2,11803.35426,1321.530818
2018.5.3,11728.89582,1321.530818
2018.5.4,11703.34327,1315.626388
2018.5.5,11610.9019,1314.136435
2018.5.6,11618.54525,1312.606535
2018.5.7,11516.25509,1310.983355
2018.5.8,11369.00954,1309.831418
2018.5.9,11258.94993,1309.831418
2018.5.10,11071.32992,1309.831418
2018.5.11,10929.24859,1309.831418
2018.5.12,10719.05774,1306.392588
2018.5.13,10609.92837,1305.937232
2018.5.14,10394.03845,1305.379106
2018.5.15,10138.50917,1305.261603
2018.5.16,9927.521815,1305.261603
2018.5.17,9648.219829,1305.261603
2018.5.18,9425.399126,1304.97782
2018.5.19,9146.877699,1305.278597
2018.5.20,8983.030602,1305.439302
2018.5.21,8726.952924,1305.375195
2018.5.22,8446.378576,1305.622761
2018.5.23,8225.787237,1305.622761
2018.5.24,7952.304252,1305.622761
2018.5.25,7750.396295,1305.632198
2018.5.26,7507.253687,1305.767174
2018.5.27,7392.344864,1305.638359
2018.5.28,7197.605034,1305.169122
2018.5.29,6989.386019,1304.905881
2018.5.30,6850.598734,1304.905881
2018.5.31,6666.652088,1304.905881
2018.6.1,6560.190072,1304.905881
2018.6.2,6416.516793,1302.195383
2018.6.3,6403.193896,1301.218105
2018.6.4,6310.271307,1299.87466
2018.6.5,6202.277302,1298.725075
2018.6.6,6160.398406,1298.725075
2018.6.7,6068.452102,1298.725075
2018.6.8,6047.653383,1294.080185
2018.6.9,5982.064381,1292.5898
2018.6.10,6038.211064,1290.836637
2018.6.11,6005.327706,1288.764625
2018.6.12,5947.355016,1286.938785
2018.6.13,5945.122496,1286.938785
2018.6.14,5882.318201,1286.938785
2018.6.15,5880.247279,1280.607355
2018.6.16,5823.268962,1278.671836
2018.6.17,5878.396474,1276.53082
2018.6.18,5835.521723,1274.126239
2018.6.19,5759.390281,1272.020567
2018.6.20,5731.759048,1272.020567
2018.6.21,5637.339971,1272.020567
2018.6.22,5598.532053,1265.136881
2018.6.23,5500.832029,1263.10348
2018.6.24,5512.408938,1260.903655
2018.6.25,5424.304502,1258.477677
2018.6.26,5302.386438,1256.387027
2018.6.27,5229.486391,1256.387027
2018.6.28,5091.326746,1256.387027
2018.6.29,5011.238645,1249.767932
2018.6.30,4875.561686,1247.899872
2018.7.1,4853.210549,1245.907561
2018.7.2,4735.870349,1243.734183
2018.7.3,4589.947674,1241.944419
2018.7.4,4498.708736,1241.944419
2018.7.5,4348.208568,1241.944419
2018.7.6,4262.013238,1236.550062
2018.7.7,4126.605157,1235.207047
2018.7.8,4110.956325,1233.801465
2018.7.9,4006.730916,1232.277165
2018.7.10,3880.243752,1231.198361
2018.7.11,3814.60579,1231.198361
2018.7.12,3695.660205,1231.198361
2018.7.13,3646.71083,1228.283316
2018.7.14,3553.932831,1227.86651
2018.7.15,3585.95035,1227.425302
2018.7.16,3534.042484,1226.894228
2018.7.17,3464.104186,1226.826774
2018.7.18,3458.793276,1226.826774
2018.7.19,3403.467356,1226.826774
2018.7.20,3420.912546,1226.92953
2018.7.21,3396.7542,1227.46718
2018.7.22,3499.034605,1227.9304
2018.7.23,3518.419307,1228.239037
2018.7.24,3520.158955,1228.932286
2018.7.25,3586.238123,1228.932286
2018.7.26,3601.315137,1228.932286
2018.7.27,3687.455038,1230.713165
2018.7.28,3729.545989,1231.572211
2018.7.29,3894.884207,1232.223898
2018.7.30,3973.389089,1232.582889
2018.7.31,4029.57536,1233.185594
2018.8.1,4144.713568,1233.185594
2018.8.2,4202.78275,1233.185594
2018.8.3,4325.217108,1233.860093
2018.8.4,4396.336676,1234.088711
2018.8.5,4582.946645,1233.993826
2018.8.6,4674.566597,1233.502449
2018.8.7,4735.415982,1233.165395
2018.8.8,4846.586725,1233.165395
2018.8.9,4892.006273,1233.165395
2018.8.10,4993.192506,1230.652892
2018.8.11,5034.690065,1229.758444
2018.8.12,5183.672406,1228.542446
2018.8.13,5230.170557,1226.951224
2018.8.14,5235.777065,1225.554241
2018.8.15,5285.644121,1225.554241
2018.8.16,5264.602738,1225.554241
2018.8.17,5295.180941,1220.26887
2018.8.18,5263.022509,1220.77699
2018.8.19,5336.468549,1221.072415
2018.8.20,5306.763275,1221.108082
2018.8.21,5240.010649,1221.457147
2018.8.22,5219.313217,1221.457147
2018.8.23,5130.697132,1221.457147
2018.8.24,5097.825558,1222.116604
2018.8.25,5007.390959,1222.679792
2018.8.26,5028.671618,1223.123439
2018.8.27,4953.714501,1223.387259
2018.8.28,4849.271785,1224.029121
2018.8.29,4798.923009,1224.029121
2018.8.30,4688.987385,1224.029121
2018.8.31,4643.22891,1224.029121
2018.9.1,4548.245097,1226.713679
2018.9.2,4573.024914,1227.500383
2018.9.3,4509.13808,1228.060463
2018.9.4,4422.682995,1228.934331
2018.9.5,4396.425045,1228.934331
2018.9.6,4315.729478,1228.934331
2018.9.7,4303.290994,1230.846358
2018.9.8,4244.550301,1231.618574
2018.9.9,4307.282487,1232.122562
2018.9.10,4281.818583,1232.27656
2018.9.11,4233.026734,1232.621268
2018.9.12,4242.48381,1232.621268
2018.9.13,4194.440737,1232.621268
2018.9.14,4210.582795,1232.258027
2018.9.15,4175.474227,1232.074657
2018.9.16,4256.171237,1231.54742
2018.9.17,4242.463987,1230.611842
2018.9.18,4198.873416,1229.827744
2018.9.19,4206.833209,1229.827744
2018.9.20,4150.659841,1229.827744
2018.9.21,4152.311758,1226.051974
2018.9.22,4096.827017,1224.794806
2018.9.23,4151.923574,1223.261417
2018.9.24,4108.223155,1221.407516
2018.9.25,4031.224977,1219.811584
2018.9.26,4003.460267,1219.811584
2018.9.27,3910.43122,1219.811584
2018.9.28,3875.336341,1214.39437
2018.9.29,3784.472387,1212.893536
2018.9.30,3806.798131,1211.280239
2018.10.1,3734.121919,1209.512605
2018.10.2,3633.04029,1208.168227
2018.10.3,3587.059659,1208.168227
2018.10.4,3482.505651,1208.168227
2018.10.5,3443.22289,1204.440013
2018.10.6,3355.956251,1203.779323
2018.10.7,3389.899422,1203.120819
2018.10.8,3336.873204,1202.404861
2018.10.9,3263.26119,1202.189529
2018.10.10,3252.134898,1202.189529
2018.10.11,3189.172942,1202.189529
2018.10.12,3197.37381,1202.100306
2018.10.13,3162.467756,1202.663213
2018.10.14,3252.483279,1203.197249
2018.10.15,3257.959685,1204.308375
2018.10.16,3243.917591,1205.849009
2018.10.17,3292.021472,1205.849009
2018.10.18,3286.53777,1205.849009
2018.10.19,3349.090014,1210.434464
2018.10.20,3364.100427,1212.313399
2018.10.21,3498.402161,1214.026385
2018.10.22,3541.482819,1215.487524
2018.10.23,3557.485002,1217.232701
2018.10.24,3627.394136,1217.232701
2018.10.25,3635.01633,1217.232701
2018.10.26,3701.74711,1221.570705
2018.10.27,3712.020109,1223.096443
2018.10.28,3832.919581,1224.334547
2018.10.29,3854.417391,1225.210101
2018.10.30,3841.360342,1226.271417
2018.10.31,3875.638487,1226.271417
2018.11.1,3842.137676,1226.271417
2018.11.2,3863.477932,1228.107267
2018.11.3,3825.427558,1228.697755
2018.11.4,3896.47788,1228.97469
2018.11.5,3868.04032,1228.877441
2018.11.6,3806.392861,1228.967885
2018.11.7,3794.807707,1228.967885
2018.11.8,3719.464611,1228.967885
2018.11.9,3704.152599,1228.023042
2018.11.10,3635.651092,1227.764519
2018.11.11,3683.276312,1227.244888
2018.11.12,3639.055508,1226.409457
2018.11.13,3569.656781,1225.824616
2018.11.14,3558.506801,1225.824616
2018.11.15,3491.701224,1225.824616
2018.11.16,3492.71064,1223.256678
2018.11.17,3447.77296,1222.594079
2018.11.18,3525.457805,1221.737847
2018.11.19,3516.864941,1220.631639
2018.11.20,3487.583806,1219.839753
2018.11.21,3519.845587,1219.839753
2018.11.22,3498.471596,1219.839753
2018.11.23,3545.619682,1217.009336
2018.11.24,3546.218342,1216.37111
2018.11.25,3667.572842,1215.591957
2018.11.26,3699.604109,1214.614197
2018.11.27,3706.846215,1214.001297
2018.11.28,3770.632681,1214.001297
2018.11.29,3775.074324,1214.001297
2018.11.30,3841.829389,1212.010809
2018.12.1,3855.554864,1211.756007
2018.12.2,3983.522695,1211.414295
2018.12.3,4015.861262,1210.929807
2018.12.4,4017.547766,1210.867938
2018.12.5,4070.581838,1210.867938
2018.12.6,4059.943366,1210.867938
2018.12.7,4108.335801,1210.894928
2018.12.8,4101.604578,1211.438398
2018.12.9,4208.315278,1211.958622
2018.12.10,4219.95299,1212.0197
2018.12.11,4202.869737,1212.564723
2018.12.12,4240.411626,1212.564723
2018.12.13,4218.83008,1212.564723
2018.12.14,4261.97987,1214.747305
2018.12.15,4256.69496,1216.103969
2018.12.16,4372.328141,1217.473165
2018.12.17,4400.91717,1218.789608
2018.12.18,4409.105382,1220.607207
2018.12.19,4480.249373,1220.607207
2018.12.20,4500.318863,1220.607207
2018.12.21,4592.59197,1226.598349
2018.12.22,4643.037176,1229.180415
2018.12.23,4819.867987,1231.731304
2018.12.24,4913.732764,1234.172532
2018.12.25,4989.667197,1237.045
2018.12.26,5129.241272,1237.045
2018.12.27,5216.504892,1237.045
2018.12.28,5372.734185,1245.659155
2018.12.29,5481.868457,1245.659155
2018.12.30,5710.122309,1245.659155
2018.12.31,5846.233794,1245.659155
2019.1.1,5953.474488,1254.827831
2019.1.2,6111.85165,1257.967727
2019.1.3,6204.105055,1257.967727
2019.1.4,6350.498987,1257.967727
2019.1.5,6434.297982,1266.545239
2019.1.6,6621.409588,1266.545239
2019.1.7,6700.654024,1266.545239
2019.1.8,6735.785794,1272.156429
2019.1.9,6807.696933,1274.45143
2019.1.10,6800.404208,1276.923795
2019.1.11,6835.820808,1276.923795
2019.1.12,6799.201443,1276.923795
2019.1.13,6858.74475,1282.899146
2019.1.14,6805.813767,1284.824816
2019.1.15,6706.90069,1286.408989
2019.1.16,6645.766961,1287.588665
2019.1.17,6509.362548,1288.924215
2019.1.18,6422.526687,1288.924215
2019.1.19,6273.360802,1288.924215
2019.1.20,6232.759364,1291.52383
2019.1.21,6094.561338,1292.388623
2019.1.22,5927.450262,1292.968695
2019.1.23,5817.03572,1293.214201
2019.1.24,5651.721706,1293.697283
2019.1.25,5557.365522,1293.697283
2019.1.26,5422.619125,1293.697283
2019.1.27,5418.439618,1294.322847
2019.1.28,5338.232171,1294.745933
2019.1.29,5249.75374,1294.998435
2019.1.30,5237.210405,1295.031011
2019.1.31,5187.153476,1295.414237
2019.2.1,5223.177455,1295.414237
2019.2.2,5231.310831,1295.414237
2019.2.3,5379.585233,1296.372988
2019.2.4,5458.244789,1297.09346
2019.2.5,5571.303626,1297.719998
2019.2.6,5759.97661,1298.191181
2019.2.7,5907.398353,1299.064341
2019.2.8,6133.819795,1299.064341
2019.2.9,6322.077217,1299.064341
2019.2.10,6637.23606,1301.655895
2019.2.11,6866.869526,1302.924233
2019.2.12,7073.096937,1304.074789
2019.2.13,7334.811317,1304.31132
2019.2.14,7533.698071,1304.896621
2019.2.15,7789.044792,1304.896621
2019.2.16,7983.230359,1304.896621
2019.2.17,8281.376412,1306.176528
2019.2.18,8471.621001,1306.821932
2019.2.19,8617.13958,1307.242526
2019.2.20,8798.343268,1307.356174
2019.2.21,8898.857083,1307.702186
2019.2.22,9040.279222,1307.702186
2019.2.23,9107.610924,1307.702186
2019.2.24,9268.841534,1307.561873
2019.2.25,9315.150316,1307.509658
2019.2.26,9312.852058,1307.131079
2019.2.27,9345.518328,1306.353579
2019.2.28,9299.879076,1305.728071
2019.3.1,9300.507623,1305.728071
2019.3.2,9235.180441,1305.728071
2019.3.3,9274.398118,1302.333994
2019.3.4,9211.53064,1301.139354
2019.3.5,9114.715404,1299.619961
2019.3.6,9068.940979,1297.722741
2019.3.7,8961.922141,1296.018423
2019.3.8,8918.769801,1296.018423
2019.3.9,8827.347477,1296.018423
2019.3.10,8857.800642,1289.829686
2019.3.11,8802.721718,1287.913162
2019.3.12,8729.078453,1285.805232
2019.3.13,8720.337751,1283.467618
2019.3.14,8662.389306,1281.483886
2019.3.15,8678.271224,1281.483886
2019.3.16,8653.587716,1281.483886
2019.3.17,8756.103481,1275.516163
2019.3.18,8775.975733,1274.044357
2019.3.19,8777.749795,1272.568502
2019.3.20,8842.548499,1271.046926
2019.3.21,8854.057998,1270.056764
2019.3.22,8933.310529,1270.056764
2019.3.23,8964.152734,1270.056764
2019.3.24,9112.882853,1268.02623
2019.3.25,9168.516699,1268.135544
2019.3.26,9194.80751,1268.343898
2019.3.27,9272.44941,1268.587687
2019.3.28,9285.066807,1269.420463
2019.3.29,9353.990338,1269.420463
2019.3.30,9363.708284,1269.420463
2019.3.31,9481.477371,1272.951888
2019.4.1,9497.553731,1274.859637
2019.4.2,9477.17021,1276.795678
2019.4.3,9502.691027,1278.671786
2019.4.4,9459.547569,1281.018297
2019.4.5,9484.721808,1281.018297
2019.4.6,9450.846288,1281.018297
2019.4.7,9527.049486,1288.177145
2019.4.8,9505.365753,1290.934609
2019.4.9,9452.659188,1293.520641
2019.4.10,9452.729633,1295.839968
2019.4.11,9392.205882,1298.419421
2019.4.12,9395.229423,1298.419421
2019.4.13,9348.820198,1298.419421
2019.4.14,9422.41068,1305.034705
2019.4.15,9408.01111,1307.221118
2019.4.16,9372.133866,1309.06177
2019.4.17,9397.909341,1310.478374
2019.4.18,9370.998126,1312.017405
2019.4.19,9414.302191,1312.017405
2019.4.20,9413.365766,1312.017405
2019.4.21,9535.951162,1314.913342
2019.4.22,9572.251199,1315.744092
2019.4.23,9586.864858,1316.214906
2019.4.24,9660.967117,1316.273903
2019.4.25,9678.276237,1316.273903
2019.4.26,9759.819691,1316.273903
2019.4.27,9789.387935,1316.273903
2019.4.28,9933.159821,1316.273903
2019.4.29,9979.960003,1315.789178
2019.4.30,9993.273748,1315.462716
2019.5.1,10053.44908,1314.8787
2019.5.2,10043.68872,1314.618982
2019.5.3,10084.83236,1314.618982
2019.5.4,10060.81817,1314.618982
2019.5.5,10138.30704,1313.6126
2019.5.6,10106.93019,1313.707764
2019.5.7,10031.28569,1313.744546
2019.5.8,9993.114563,1313.673323
2019.5.9,9877.259523,1314.062546
2019.5.10,9806.407889,1314.062546
2019.5.11,9666.508618,1314.062546
2019.5.12,9626.348274,1314.062546
2019.5.13,9477.747677,1316.76188
2019.5.14,9287.506312,1317.854334
2019.5.15,9139.526345,1318.856633
2019.5.16,8920.720759,1320.315299
2019.5.17,8755.70841,1320.315299
2019.5.18,8532.187062,1320.315299
2019.5.19,8420.470344,1324.87957
2019.5.20,8213.651261,1326.842235
2019.5.21,7979.520086,1328.689528
2019.5.22,7802.669027,1330.337005
2019.5.23,7570.388556,1332.320953
2019.5.24,7407.358336,1332.320953
2019.5.25,7201.023768,1332.320953
2019.5.26,7121.143843,1337.679483
2019.5.27,6959.972509,1339.639182
2019.5.28,6784.200755,1341.35263
2019.5.29,6677.091081,1342.740834
2019.5.30,6524.408324,1344.34769
2019.5.31,6449.148823,1344.34769
2019.6.1,6336.957882,1344.34769
2019.6.2,6355.720124,1344.34769
2019.6.3,6295.783853,1349.191527
2019.6.4,6221.945543,1350.108493
2019.6.5,6215.625076,1350.656857
2019.6.6,6160.83479,1351.394643
2019.6.7,6178.943412,1351.394643
2019.6.8,6154.124139,1351.394643
2019.6.9,6252.970844,1352.369054
2019.6.10,6264.743071,1352.733503
2019.6.11,6253.365658,1353.852124
2019.6.12,6299.613452,1354.641103
2019.6.13,6287.084201,1355.665339
2019.6.14,6336.960867,1355.665339
2019.6.15,6333.452918,1355.665339
2019.6.16,6443.401008,1357.820439
2019.6.17,6456.506244,1358.69389
2019.6.18,6437.310492,1359.352828
2019.6.19,6467.35889,1359.739794
2019.6.20,6431.148353,1360.417861
2019.6.21,6450.864096,1360.417861
2019.6.22,6411.794435,1360.417861
2019.6.23,6481.909048,1361.843502
2019.6.24,6452.062508,1362.567057
2019.6.25,6387.9502,1363.118019
2019.6.26,6372.248291,1363.436587
2019.6.27,6290.541986,1364.084025
2019.6.28,6266.044441,1364.084025
2019.6.29,6184.996837,1364.084025
2019.6.30,6216.234893,1365.636308
2019.7.1,6151.383713,1366.47588
2019.7.2,6056.807954,1367.182045
2019.7.3,6015.748856,1367.697326
2019.7.4,5914.252122,1368.585801
2019.7.5,5875.888708,1368.585801
2019.7.6,5787.158671,1368.585801
2019.7.7,5817.062984,1371.159153
2019.7.8,5757.304787,1372.449034
2019.7.9,5674.246661,1373.665042
2019.7.10,5651.055091,1374.751528
2019.7.11,5573.635729,1376.27349
2019.7.12,5565.361212,1376.27349
2019.7.13,5512.481416,1376.27349
2019.7.14,5583.700871,1381.112884
2019.7.15,5570.384652,1383.270466
2019.7.16,5538.519308,1385.401861
2019.7.17,5570.859973,1387.443996
2019.7.18,5552.867382,1389.952923
2019.7.19,5607.436658,1389.952923
2019.7.20,5620.307992,1389.952923
2019.7.21,5759.644129,1397.830926
2019.7.22,5816.23628,1400.984798
2019.7.23,5855.465309,1404.080848
2019.7.24,5959.449603,1407.041302
2019.7.25,6012.983659,1410.407481
2019.7.26,6138.269489,1410.407481
2019.7.27,6220.331184,1410.407481
2019.7.28,6426.597706,1420.350171
2019.7.29,6547.115655,1423.980954
2019.7.30,6608.714128,1427.430557
2019.7.31,6730.576716,1430.613287
2019.8.1,6796.77725,1434.064705
2019.8.2,6928.828516,1434.064705
2019.8.3,7011.110328,1434.064705
2019.8.4,7210.466492,1443.419547
2019.8.5,7316.431964,1446.578928
2019.8.6,7393.21666,1449.342651
2019.8.7,7521.876845,1451.720622
2019.8.8,7586.277517,1454.260194
2019.8.9,7707.847247,1454.260194
2019.8.10,7771.015076,1454.260194
2019.8.11,7942.813806,1460.385069
2019.8.12,8013.11066,1462.360258
2019.8.13,8046.591434,1464.003482
2019.8.14,8124.928866,1465.258024
2019.8.15,8132.738496,1466.690654
2019.8.16,8192.323439,1466.690654
2019.8.17,8189.097762,1466.690654
2019.8.18,8291.172971,1469.776747
2019.8.19,8289.568877,1470.887434
2019.8.20,8250.17535,1471.7629
2019.8.21,8255.896178,1472.356451
2019.8.22,8192.578864,1473.242169
2019.8.23,8183.732434,1473.242169
2019.8.24,8115.923617,1473.242169
2019.8.25,8158.33663,1475.401356
2019.8.26,8102.958582,1476.435741
2019.8.27,8016.517708,1477.341195
2019.8.28,7982.606351,1478.06083
2019.8.29,7887.59317,1479.156077
2019.8.30,7855.327191,1479.156077
2019.8.31,7772.524552,1479.156077
2019.9.1,7808.323532,1479.156077
2019.9.2,7754.470107,1483.701826
2019.9.3,7677.26137,1484.982624
2019.9.4,7659.678688,1486.054146
2019.9.5,7587.314898,1487.45904
2019.9.6,7583.097861,1487.45904
2019.9.7,7532.700764,1487.45904
2019.9.8,7604.124194,1491.096349
2019.9.9,7587.911548,1492.489802
2019.9.10,7549.124339,1493.637651
2019.9.11,7569.508435,1494.456969
2019.9.12,7533.454629,1495.486721
2019.9.13,7562.754954,1495.486721
2019.9.14,7542.044199,1495.486721
2019.9.15,7638.410793,1497.271874
2019.9.16,7641.637762,1497.825189
2019.9.17,7616.199584,1498.03881
2019.9.18,7643.445321,1497.844271
2019.9.19,7607.570908,1497.797308
2019.9.20,7630.381616,1497.797308
2019.9.21,7596.733925,1497.797308
2019.9.22,7674.140887,1496.169235
2019.9.23,7653.001789,1495.594141
2019.9.24,7598.5822,1494.72034
2019.9.25,7593.175197,1493.500797
2019.9.26,7522.047227,1492.511737
2019.9.27,7487.073131,1492.511737
2019.9.28,7395.436339,1492.511737
2019.9.29,7415.907352,1488.736022
2019.9.30,7340.134177,1487.720904
2019.10.1,7234.585907,1486.56326
2019.10.2,7182.67845,1485.131096
2019.10.3,7070.686893,1484.095294
2019.10.4,7022.447201,1484.095294
2019.10.5,6924.738208,1484.095294
2019.10.6,6946.829681,1481.157651
2019.10.7,6880.658947,1480.726259
2019.10.8,6792.763698,1480.286144
2019.10.9,6766.403172,1479.781699
2019.10.10,6687.472372,1479.775122
2019.10.11,6679.212017,1479.775122
2019.10.12,6627.604997,1479.775122
2019.10.13,6700.944765,1480.336287
2019.10.14,6690.037585,1481.136851
2019.10.15,6660.165587,1481.924747
2019.10.16,6693.241979,1482.622589
2019.10.17,6673.762127,1483.771613
2019.10.18,6723.55217,1483.771613
2019.10.19,6727.204832,1483.771613
2019.10.20,6851.68675,1487.330449
2019.10.21,6886.5781,1488.920128
2019.10.22,6896.070413,1490.370837
2019.10.23,6961.152891,1491.596234
2019.10.24,6965.59003,1493.131302
2019.10.25,7030.691431,1493.131302
2019.10.26,7040.76281,1493.131302
2019.10.27,7162.722063,1496.977651
2019.10.28,7186.340896,1498.379
2019.10.29,7176.237794,1499.508451
2019.10.30,7214.052766,1500.28842
2019.10.31,7184.406987,1501.264465
2019.11.1,7209.648683,1501.264465
2019.11.2,7175.274971,1501.264465
2019.11.3,7249.514309,1502.878805
2019.11.4,7223.531052,1503.398072
2019.11.5,7163.378934,1503.601046
2019.11.6,7152.135078,1503.424963
2019.11.7,7075.818822,1503.42981
2019.11.8,7058.097911,1503.42981
2019.11.9,6985.672943,1503.42981
2019.11.10,7027.825822,1502.17267
2019.11.11,6976.594719,1501.787929
2019.11.12,6898.70328,1501.129879
2019.11.13,6877.676371,1500.143506
2019.11.14,6799.747261,1499.395097
2019.11.15,6788.559121,1499.395097
2019.11.16,6730.551914,1499.395097
2019.11.17,6794.52037,1496.262241
2019.11.18,6771.805298,1495.387734
2019.11.19,6728.245493,1494.30855
2019.11.20,6746.321902,1492.96884
2019.11.21,6711.098076,1491.933381
2019.11.22,6744.958844,1491.933381
2019.11.23,6733.037141,1491.933381
2019.11.24,6842.813519,1488.315758
2019.11.25,6864.349301,1487.397202
2019.11.26,6862.27939,1486.328954
2019.11.27,6917.995123,1485.053985
2019.11.28,6915.619994,1484.134924
2019.11.29,6976.779081,1484.134924
2019.11.30,6986.051114,1484.134924
2019.12.1,7110.586879,1481.169502
2019.12.2,7140.354293,1480.569704
2019.12.3,7140.135693,1479.872327
2019.12.4,7191.707524,1479.021132
2019.12.5,7179.805244,1478.581206
2019.12.6,7226.87452,1478.581206
2019.12.7,7218.498116,1478.581206
2019.12.8,7322.982837,1477.404359
2019.12.9,7331.56775,1477.523533
2019.12.10,7310.380256,1477.608503
2019.12.11,7342.571417,1477.603358
2019.12.12,7314.234637,1478.072714
2019.12.13,7349.110175,1478.072714
2019.12.14,7333.966291,1478.072714
2019.12.15,7438.142808,1479.983805
2019.12.16,7453.719674,1481.240326
2019.12.17,7447.438377,1482.507664
2019.12.18,7502.808753,1483.722665
2019.12.19,7506.006297,1485.441503
2019.12.20,7580.563214,1485.441503
2019.12.21,7612.744623,1485.441503
2019.12.22,7771.096008,1491.176382
2019.12.23,7846.624594,1493.694475
2019.12.24,7904.742324,1496.196079
2019.12.25,8027.402543,1498.604939
2019.12.26,8099.034821,1501.464022
2019.12.27,8241.280248,1501.464022
2019.12.28,8338.417469,1501.464022
2019.12.29,8556.964277,1510.169255
2019.12.30,8685.915958,1513.487295
2019.12.31,8788.746543,1513.487295
2020.1.1,8945.603419,1513.487295
2020.1.2,9039.298098,1513.487295
2020.1.3,9190.093868,1522.945809
2020.1.4,9281.179032,1522.945809
2020.1.5,9478.309131,1522.945809
2020.1.6,9570.078086,1532.138857
2020.1.7,9619.943304,1535.339269
2020.1.8,9708.434391,1535.339269
2020.1.9,9719.147659,1535.339269
2020.1.10,9773.526823,1540.855981
2020.1.11,9756.31859,1543.632938
2020.1.12,9835.186775,1543.632938
2020.1.13,9800.945443,1543.632938
2020.1.14,9719.536939,1550.588691
2020.1.15,9674.185545,1552.85368
2020.1.16,9551.330259,1554.778401
2020.1.17,9475.338612,1556.296834
2020.1.18,9333.891899,1557.966399
2020.1.19,9297.527246,1557.966399
2020.1.20,9159.798871,1557.966399
2020.1.21,8989.18629,1561.51215
2020.1.22,8871.182031,1562.665538
2020.1.23,8694.164136,1563.517383
2020.1.24,8584.056991,1564.016239
2020.1.25,8429.672323,1564.732991
2020.1.26,8402.217036,1564.732991
2020.1.27,8295.431227,1564.732991
2020.1.28,8177.484858,1565.934425
2020.1.29,8133.066062,1566.507297
2020.1.30,8049.26646,1566.889223
2020.1.31,8050.266816,1567.031847
2020.2.1,8022.71434,1567.739011
2020.2.2,8135.277472,1567.739011
2020.2.3,8178.840382,1567.739011
2020.2.4,8218.464291,1569.579264
2020.2.5,8335.546988,1570.570771
2020.2.6,8413.784187,1571.461127
2020.2.7,8573.934121,1572.191641
2020.2.8,8699.274724,1573.322469
2020.2.9,8955.237218,1573.322469
2020.2.10,9129.676348,1573.322469
2020.2.11,9284.902463,1576.705507
2020.2.12,9499.905042,1578.253068
2020.2.13,9656.369659,1579.69486
2020.2.14,9873.48843,1580.956779
2020.2.15,10033.45212,1582.583864
2020.2.16,10301.10685,1582.583864
2020.2.17,10464.23513,1582.583864
2020.2.18,10585.58616,1587.103725
2020.2.19,10745.08501,1588.871002
2020.2.20,10825.82324,1590.435314
2020.2.21,10948.83155,1591.714462
2020.2.22,10998.52381,1593.247275
2020.2.23,11142.29654,1593.247275
2020.2.24,11170.74518,1593.247275
2020.2.25,11149.6237,1596.784184
2020.2.26,11161.97918,1597.990993
2020.2.27,11094.06558,1598.884324
2020.2.28,11070.03952,1599.388872
2020.2.29,10977.32919,1600.052519
2020.3.1,10986.16258,1600.052519
2020.3.2,10889.71801,1600.052519
2020.3.3,10756.02513,1600.535047
2020.3.4,10670.04959,1600.623779
2020.3.5,10519.56667,1600.377254
2020.3.6,10429.82773,1599.738779
2020.3.7,10288.91113,1599.275582
2020.3.8,10267.24422,1599.275582
2020.3.9,10157.75931,1599.275582
2020.3.10,10027.81167,1596.672422
2020.3.11,9961.291919,1595.895909
2020.3.12,9844.537436,1594.89668
2020.3.13,9801.045378,1593.634873
2020.3.14,9716.877682,1592.692962
2020.3.15,9760.243038,1592.692962
2020.3.16,9721.717111,1592.692962
2020.3.17,9666.227247,1589.643782
2020.3.18,9675.232197,1589.077621
2020.3.19,9632.699693,1588.476095
2020.3.20,9706.174998,1587.799723
2020.3.21,9733.367378,1587.628344
2020.3.22,9880.661539,1587.628344
2020.3.23,9937.090364,1587.628344
2020.3.24,9966.355869,1587.929604
2020.3.25,10049.03567,1588.78793
2020.3.26,10068.5772,1589.738552
2020.3.27,10146.08011,1590.722601
2020.3.28,10165.75558,1592.29845
2020.3.29,10294.54628,1592.29845
2020.3.30,10322.36733,1592.29845
2020.3.31,10314.0943,1598.123784
2020.4.1,10351.72897,1600.832938
2020.4.2,10320.34609,1603.595713
2020.4.3,10342.82331,1606.327489
2020.4.4,10305.24428,1609.561738
2020.4.5,10376.46033,1609.561738
2020.4.6,10348.27296,1609.561738
2020.4.7,10287.36453,1619.599276
2020.4.8,10277.40955,1623.392741
2020.4.9,10204.97159,1627.053659
2020.4.10,10194.18885,1630.486154
2020.4.11,10132.14009,1634.215783
2020.4.12,10188.377,1634.215783
2020.4.13,10155.08604,1634.215783
2020.4.14,10099.00783,1644.481504
2020.4.15,10103.54649,1647.941145
2020.4.16,10054.67414,1651.076904
2020.4.17,10075.63321,1653.80612
2020.4.18,10052.32776,1653.80612
2020.4.19,10152.88915,1653.80612
2020.4.20,10167.87807,1653.80612
2020.4.21,10162.24982,1653.80612
2020.4.22,10217.51418,1665.730399
2020.4.23,10217.69319,1667.51819
2020.4.24,10284.07852,1668.878623
2020.4.25,10300.67771,1670.380006
2020.4.26,10433.83336,1670.380006
2020.4.27,10472.4757,1670.380006
2020.4.28,10480.13414,1673.480006
2020.4.29,10537.13782,1674.546173
2020.4.30,10526.60749,1675.362291
2020.5.1,10569.23958,1675.888767
2020.5.2,10548.77085,1676.707543
2020.5.3,10631.60748,1676.707543
2020.5.4,10607.07877,1676.707543
2020.5.5,10539.44093,1678.754979
2020.5.6,10510.0615,1679.813884
2020.5.7,10403.38704,1680.79177
2020.5.8,10341.69567,1681.642332
2020.5.9,10210.52388,1682.937664
2020.5.10,10178.25224,1682.937664
2020.5.11,10036.31167,1682.937664
2020.5.12,9851.136912,1687.189868
2020.5.13,9706.298832,1689.184139
2020.5.14,9488.420043,1691.164377
2020.5.15,9321.876274,1693.062694
2020.5.16,9094.174506,1693.062694
2020.5.17,9022.533694,1693.062694
2020.5.18,8852.930606,1693.062694
2020.5.19,8653.138626,1702.817711
2020.5.20,8507.791871,1705.763414
2020.5.21,8304.279588,1708.617358
2020.5.22,8167.433817,1711.296032
2020.5.23,7984.901486,1714.336148
2020.5.24,7926.686735,1714.336148
2020.5.25,7785.325856,1714.336148
2020.5.26,7627.822247,1723.00987
2020.5.27,7537.773212,1726.120233
2020.5.28,7401.292825,1729.428517
2020.5.29,7341.73302,1732.429653
2020.5.30,7245.093072,1735.665228
2020.5.31,7279.602277,1735.665228
2020.6.1,7235.937097,1735.665228
2020.6.2,7179.19909,1735.665228
2020.6.3,7191.084354,1747.130692
2020.6.4,7155.847677,1749.716632
2020.6.5,7195.062555,1751.934348
2020.6.6,7193.066385,1754.33959
2020.6.7,7316.57486,1754.33959
2020.6.8,7354.926209,1754.33959
2020.6.9,7372.081093,1760.285598
2020.6.10,7448.808587,1762.291828
2020.6.11,7468.661213,1764.015268
2020.6.12,7552.740209,1765.398775
2020.6.13,7585.140442,1767.006815
2020.6.14,7732.55927,1767.006815
2020.6.15,7784.530396,1767.006815
2020.6.16,7805.409031,1770.848248
2020.6.17,7876.539392,1772.262854
2020.6.18,7882.208191,1773.453204
2020.6.19,7944.38599,1774.362415
2020.6.20,7948.146603,1775.554168
2020.6.21,8061.249584,1775.554168
2020.6.22,8074.347562,1775.554168
2020.6.23,8052.945453,1778.475294
2020.6.24,8079.543177,1779.683732
2020.6.25,8039.566088,1780.713291
2020.6.26,8056.085481,1781.504284
2020.6.27,8015.2197,1782.617937
2020.6.28,8085.701146,1782.617937
2020.6.29,8059.071132,1782.617937
2020.6.30,8001.629634,1785.529103
2020.7.1,7996.571538,1786.806917
2020.7.2,7929.913453,1787.942992
2020.7.3,7925.213225,1788.879195
2020.7.4,7868.97238,1790.178936
2020.7.5,7930.206487,1790.178936
2020.7.6,7900.644953,1790.178936
2020.7.7,7846.686947,1793.922375
2020.7.8,7851.544618,1795.579681
2020.7.9,7801.177291,1797.151552
2020.7.10,7819.018405,1798.582513
2020.7.11,7791.385107,1800.437994
2020.7.12,7887.05519,1800.437994
2020.7.13,7897.47271,1800.437994
2020.7.14,7888.708796,1806.2208
2020.7.15,7962.579037,1808.678137
2020.7.16,7985.669771,1811.10481
2020.7.17,8080.977792,1813.439872
2020.7.18,8134.350829,1816.241716
2020.7.19,8314.065014,1816.241716
2020.7.20,8411.030642,1816.241716
2020.7.21,8490.752992,1825.024279
2020.7.22,8635.479606,1828.497334
2020.7.23,8730.137999,1831.925944
2020.7.24,8897.065898,1835.234939
2020.7.25,9021.424328,1838.968072
2020.7.26,9270.778628,1838.968072
2020.7.27,9435.309152,1838.968072
2020.7.28,9579.778545,1850.142531
2020.7.29,9785.687044,1854.232667
2020.7.30,9937.219748,1858.167559
2020.7.31,10155.98787,1861.861768
2020.8.1,10326.45412,1865.850624
2020.8.2,10615.52701,1865.850624
2020.8.3,10812.7856,1865.850624
2020.8.4,10982.46118,1876.963846
2020.8.5,11205.60683,1880.752448
2020.8.6,11366.05851,1884.249205
2020.8.7,11585.18907,1887.374978
2020.8.8,11747.34493,1890.673929
2020.8.9,12019.44977,1890.673929
2020.8.10,12191.23627,1890.673929
2020.8.11,12327.232,1899.111536
2020.8.12,12508.93016,1901.857097
2020.8.13,12620.74853,1904.264451
2020.8.14,12784.77777,1906.273514
2020.8.15,12886.20898,1908.447938
2020.8.16,13092.92471,1908.447938
2020.8.17,13195.71466,1908.447938
2020.8.18,13260.24252,1913.657214
2020.8.19,13369.19493,1915.435146
2020.8.20,13408.21635,1916.955671
2020.8.21,13500.63169,1918.171751
2020.8.22,13532.84704,1919.657696
2020.8.23,13673.91343,1919.657696
2020.8.24,13715.71573,1919.657696
2020.8.25,13724.91356,1923.494338
2020.8.26,13785.06624,1925.052919
2020.8.27,13782.54602,1926.469291
2020.8.28,13841.24227,1927.689639
2020.8.29,13847.94741,1929.278739
2020.8.30,13971.91019,1929.278739
2020.8.31,14005.01854,1929.278739
2020.9.1,14013.73947,1933.886702
2020.9.2,14081.24788,1935.802804
2020.9.3,14093.3488,1937.596675
2020.9.4,14173.19531,1939.195224
2020.9.5,14206.69297,1941.143865
2020.9.6,14362.07558,1941.143865
2020.9.7,14430.1144,1941.143865
2020.9.8,14476.08712,1941.143865
2020.9.9,14581.93828,1948.556334
2020.9.10,14632.23423,1950.356521
2020.9.11,14759.64808,1951.850998
2020.9.12,14838.19646,1953.577715
2020.9.13,15035.04762,1953.577715
2020.9.14,15140.02654,1953.577715
2020.9.15,15217.61044,1957.565956
2020.9.16,15349.11169,1958.882286
2020.9.17,15418.65096,1959.867814
2020.9.18,15547.92171,1960.450327
2020.9.19,15621.63503,1959.104956
2020.9.20,15807.12906,1959.104956
2020.9.21,15894.60349,1959.104956
2020.9.22,15949.10526,1953.548079
2020.9.23,16052.69598,1951.638875
2020.9.24,16090.40444,1949.412506
2020.9.25,16184.96566,1946.818665
2020.9.26,16222.23646,1944.430718
2020.9.27,16370.77223,1944.430718
2020.9.28,16422.02657,1944.430718
2020.9.29,16442.30077,1936.289681
2020.9.30,16514.87465,1933.758995
2020.10.1,16525.92321,1931.054933
2020.10.2,16599.22169,1928.137473
2020.10.3,16621.52965,1925.587233
2020.10.4,16762.14018,1925.587233
2020.10.5,16813.05627,1925.587233
2020.10.6,16840.92223,1917.951345
2020.10.7,16929.14235,1915.911336
2020.10.8,16963.79137,1913.846911
2020.10.9,17068.31975,1911.706263
2020.10.10,17128.94449,1910.055586
2020.10.11,17314.21122,1910.055586
2020.10.12,17415.18949,1910.055586
2020.10.13,17497.4286,1905.678147
2020.10.14,17643.10531,1904.843866
2020.10.15,17736.9676,1904.008925
2020.10.16,17901.07612,1903.099339
2020.10.17,18020.23335,1902.659385
2020.10.18,18261.58496,1902.659385
2020.10.19,18414.85427,1902.659385
2020.10.20,18544.33591,1901.58604
2020.10.21,18731.07911,1901.682217
2020.10.22,18858.86352,1901.666262
2020.10.23,19048.96841,1901.452007
2020.10.24,19185.62448,1901.574115
2020.10.25,19435.63193,1901.574115
2020.10.26,19588.60531,1901.574115
2020.10.27,19708.97092,1901.331688
2020.10.28,19878.14691,1901.414806
2020.10.29,19980.50919,1901.244881
2020.10.30,20138.14429,1900.741856
2020.10.31,20236.27859,1900.448653
2020.11.1,20442.86847,1900.448653
2020.11.2,20548.81263,1900.448653
2020.11.3,20619.91311,1898.310192
2020.11.4,20739.01646,1897.587696
2020.11.5,20791.93907,1896.549124
2020.11.6,20902.17917,1895.129322
2020.11.7,20956.30592,1893.886088
2020.11.8,21123.51155,1893.886088
2020.11.9,21195.78865,1893.886088
2020.11.10,21239.86051,1888.840307
2020.11.11,21339.29649,1887.173139
2020.11.12,21380.41767,1885.221192
2020.11.13,21486.99533,1882.928837
2020.11.14,21545.63377,1880.861982
2020.11.15,21725.32296,1880.861982
2020.11.16,21817.6237,1880.861982
2020.11.17,21888.61254,1873.698391
2020.11.18,22021.01845,1871.4558
2020.11.19,22100.15538,1868.996893
2020.11.20,22248.65301,1866.266294
2020.11.21,22351.87579,1863.829272
2020.11.22,22577.51497,1863.829272
2020.11.23,22715.81505,1863.829272
2020.11.24,22831.56051,1855.94755
2020.11.25,23006.2538,1853.589076
2020.11.26,23124.08723,1851.072042
2020.11.27,23306.70997,1848.338823
2020.11.28,23438.67901,1845.952724
2020.11.29,23687.07802,1845.952724
2020.11.30,23841.7642,1845.952724
2020.12.1,23967.36882,1838.531802
2020.12.2,24145.48156,1836.427741
2020.12.3,24260.62112,1834.215932
2020.12.4,24434.99336,1831.839735
2020.12.5,24553.9258,1829.863854
2020.12.6,24785.463,1829.863854
2020.12.7,24920.58344,1829.863854
2020.12.8,25025.16447,1824.01059
2020.12.9,25182.12642,1822.547701
2020.12.10,25277.3595,1821.039148
2020.12.11,25434.43605,1819.429397
2020.12.12,25539.99841,1818.283651
2020.12.13,25763.30805,1818.283651
2020.12.14,25896.41848,1818.283651
2020.12.15,26006.09947,1815.295745
2020.12.16,26175.94502,1814.905621
2020.12.17,26292.27026,1814.522173
2020.12.18,26478.80038,1814.084165
2020.12.19,26622.04299,1814.149865
2020.12.20,26890.83019,1814.149865
2020.12.21,27076.4931,1814.149865
2020.12.22,27244.79665,1814.947405
2020.12.23,27478.06704,1815.835089
2020.12.24,27661.11641,1816.718026
2020.12.25,27915.96748,1817.52233
2020.12.26,28127.26855,1818.79323
2020.12.27,28461.88419,1818.79323
2020.12.28,28709.12284,1818.79323
2020.12.29,28932.72814,1822.852244
2020.12.30,29213.06438,1824.666549
2020.12.31,29433.09942,1826.376108
2021.1.1,29713.18586,1827.896609
2021.1.2,29936.52949,1827.896609
2021.1.3,30268.82857,1827.896609
2021.1.4,30498.54388,1827.896609
2021.1.5,30688.92486,1827.896609
2021.1.6,30920.22129,1827.896609
2021.1.7,31075.68276,1836.698698
2021.1.8,31276.34626,1838.32562
2021.1.9,31406.50035,1839.624415
2021.1.10,31633.30942,1839.624415
2021.1.11,31747.05825,1839.624415
2021.1.12,31813.14254,1839.624415
2021.1.13,31914.23566,1839.624415
2021.1.14,31936.23501,1844.377314
2021.1.15,32002.98936,1845.424428
2021.1.16,32001.69728,1846.1363
2021.1.17,32102.46178,1846.443874
2021.1.18,32098.46306,1846.90154
2021.1.19,32057.8769,1846.90154
2021.1.20,32065.97097,1846.90154
2021.1.21,32010.98404,1846.776196
2021.1.22,32018.7915,1846.685089
2021.1.23,31978.24885,1846.278063
2021.1.24,32060.69973,1845.501675
2021.1.25,32060.11193,1844.92513
2021.1.26,32044.96962,1844.92513
2021.1.27,32100.3552,1844.92513
2021.1.28,32113.82603,1842.126703
2021.1.29,32210.08971,1841.324262
2021.1.30,32276.36946,1840.309792
2021.1.31,32481.94564,1839.035467
2021.2.1,32618.33609,1838.07409
2021.2.2,32751.24267,1838.07409
2021.2.3,32962.69578,1838.07409
2021.2.4,33137.00087,1834.804868
2021.2.5,33395.48872,1834.064818
2021.2.6,33621.95916,1833.213171
2021.2.7,33982.30251,1832.193799
2021.2.8,34264.75913,1831.569562
2021.2.9,34531.94264,1831.569562
2021.2.10,34863.05665,1831.569562
2021.2.11,35139.90707,1829.684569
2021.2.12,35481.7103,1829.484636
2021.2.13,35770.58535,1829.187777
2021.2.14,36171.21297,1828.722448
2021.2.15,36471.12141,1828.636057
2021.2.16,36732.72352,1828.636057
2021.2.17,37035.53483,1828.636057
2021.2.18,37262.17468,1828.118048
2021.2.19,37533.15097,1828.245348
2021.2.20,37732.31727,1828.191034
2021.2.21,38026.48634,1827.873353
2021.2.22,38205.6608,1827.831173
2021.2.23,55924.49581,1827.831173
2021.2.24,50320.00394,1827.831173
2021.2.25,43802.00684,1826.768285
2021.2.26,50478.85563,1826.479555
2021.2.27,46009.54048,1825.893219
,45900.90328,1824.931625
,47912.20008,1824.139983
,47053.17101,1824.139983
,54049.89969,1824.139983
,47912.40497,1820.290941
,49800.63157,1818.935943
,47030.7242,1817.239768
,43658.86469,1815.142053
,46839.60919,1813.20639
,52350.41881,1813.20639
,54636.33298,1813.20639
,61189.46923,1806.071961
,56820.74841,1803.736611
,59008.95503,1801.149843
,55881.96163,1798.269655
,61525.33232,1795.67682
,56288.09128,1795.67682
,54763.01313,1795.67682
,57264.78523,1787.470016
,61722.07189,1785.115826
,59278.13642,1782.692978
,60660.88207,1780.163503
,59331.58283,1778.109299
,59501.82507,1778.109299
,48947.07127,1778.109299
,51941.02319,1772.611946
,51815.79912,1771.499021
,51085.14591,1770.465985
,58257.43969,1769.458473
,58273.03173,1769.039558
,56396.08548,1769.039558
,58290.21527,1769.039558
,59448.84729,1768.909504
,57657.22464,1769.659006
,54319.43609,1770.48239
,58619.26283,1771.299136
,57644.45918,1772.646431
,58553.54487,1772.646431
,60068.36802,1772.646431
,59398.78553,1777.221496
,55490.45374,1779.267449
,59463.72677,1781.219553
,58889.58785,1782.982167
,61049.21214,1782.982167
,59541.52132,1782.982167
,60555.81237,1782.982167
,65244.84085,1782.982167
,61008.23876,1792.633495
,57679.85948,1794.301292
,61172.74303,1795.585467
,58649.30217,1797.023552
,54422.15634,1797.023552
,54402.3697,1797.023552
,56360.67568,1799.710094
,53201.58318,1800.469671
,50876.62444,1800.852674
,51423.3125,1800.79823
,48512.68067,1800.870245
,47274.69465,1800.870245
,56067.629,1800.870245
,57233.68695,1799.556802
,55588.82233,1799.099629
,52909.8195,1798.362495
,57152.07679,1797.304434
,55767.02135,1796.506664
,52736.73994,1796.506664
,57567.95823,1796.506664
,54797.79279,1793.514882
,60034.14168,1792.834797
,56622.64151,1792.04748
,59417.37099,1791.109432
,66018.39442,1790.595973
,57284.5453,1790.595973
,50702.23359,1790.595973
,54928.92364,1790.595973
,41358.08032,1789.480256
,49892.22216,1789.608283
,49964.744,1789.657836
,47129.01833,1790.182837
,49556.75539,1790.182837
,42463.44395,1790.182837
,41314.19036,1792.125387
,31204.3613,1793.291618
,37177.78824,1794.387826
,38873.91476,1795.332064
,40157.0251,1796.662105
,31278.35827,1796.662105
,42773.06306,1796.662105
,37888.60655,1800.354772
,38682.19536,1801.853076
,31714.26234,1803.147609
,35046.64832,1804.15563
,29681.67285,1805.416728
,35510.43041,1805.416728
,38383.58539,1805.416728
,39452.18382,1808.160209
,38386.43334,1809.123024
,40301.60436,1809.790914
,35058.6401,1810.09404
,30804.17675,1810.585667
,34983.96212,1810.585667
,33008.2543,1810.585667
,33512.38726,1810.585667
,40972.03266,1810.849995
,38910.75367,1810.634376
,38307.87636,1810.069456
,33222.43605,1809.718927
,38622.33704,1809.718927
,40593.51659,1809.718927
,36240.44742,1807.620074
,37551.18462,1807.032988
,39859.08409,1806.21129
,33165.6806,1805.098577
,34830.46185,1804.25909
,35491.14707,1804.25909
,30409.11684,1804.25909
,34773.51678,1801.036624
,35627.23974,1800.182449
,35343.6282,1799.142776
,30025.87331,1797.858201
,30269.6549,1796.890099
,35974.57939,1796.890099
,33862.00041,1796.890099
,33372.73788,1793.518157
,35731.63128,1792.688037
,32660.37706,1791.708615
,32650.29239,1790.521152
,32863.73213,1789.688405
,36647.34671,1789.688405
,35425.795,1789.688405
,34528.13864,1786.974959
,34357.18765,1786.458313
,30966.97901,1785.844778
,33240.68683,1785.078765
,34508.13606,1784.725818
,36295.5463,1784.725818
,32683.16633,1784.725818
,30143.72889,1783.819655
,32915.46343,1784.029217
,30495.66718,1784.201346
,30815.63704,1784.276896
,32257.41997,1784.816323
,32569.79063,1784.816323
,31070.76615,1784.816323
,28100.21093,1786.818034
,33707.67414,1788.04165
,32943.22675,1789.230799
,34013.21795,1790.31304
,34826.03339,1791.834763
,35950.71738,1791.834763
,38095.9136,1791.834763
,40213.27988,1796.490701
,37665.02043,1798.453112
,40919.22256,1800.285247
,42387.23694,1801.902499
,41758.57808,1803.84057
,39163.3414,1803.84057
,38954.8576,1803.84057
,37670.90738,1808.95491
,40583.0214,1810.791413
,42709.5921,1812.356844
,45189.2336,1813.569622
,46900.66863,1814.9711
,44485.06005,1814.9711
,47596.87463,1814.9711
,42265.25785,1817.777036
,43483.62276,1818.653899
,44595.90281,1819.190764
,51231.78061,1819.32397
,50445.1874,1819.613748
,48985.37617,1819.613748
,44382.53573,1819.613748
,44955.74199,1819.08611
,43620.42499,1818.915814
,48182.98286,1818.46714
,52137.38562,1817.692007
,51377.01409,1817.164242
,49714.0446,1817.164242
,49369.73266,1817.164242
,44622.05994,1814.828431
,48030.1197,1814.289729
,46618.83121,1813.592186
,51645.10028,1812.684623
,53891.2575,1812.134811
,48931.78789,1812.134811
,45800.21512,1812.134811
,45932.36399,1810.293821
,48536.27743,1810.061481
,51193.15536,1809.713511
,50003.43963,1809.180245
,51258.84612,1809.010278
,52376.91256,1809.010278
,53080.85102,1809.010278
,39116.30192,1809.010278
,44480.32711,1808.131188
,,1807.912794
,,1807.411942
,,1807.166314
,,1807.166314
,,1807.166314
,,1805.363837
,,1804.785381
,,1803.889275
,,1802.599942
,,1801.46548
