ds,y,syl
2016.9.12,1324.6,-0.000717198
2016.9.13,1323.65,-0.001435425
2016.9.14,1321.75,-0.008284471
2016.9.15,1310.8,-0.001869088
2016.9.16,1308.35,0.00496809
2016.9.19,1314.85,-0.00079857
2016.9.20,1313.8,0.009362156
2016.9.21,1326.1,0.009803182
2016.9.22,1339.1,-0.000336047
2016.9.23,1338.65,0.001381989
2016.9.26,1340.5,-0.010070869
2016.9.27,1327,-0.003391108
2016.9.28,1322.5,-0.003327032
2016.9.29,1318.1,0.003338138
2016.9.30,1322.5,-0.006956522
2016.10.3,1313.3,-0.022843219
2016.10.4,1283.3,-0.01083145
2016.10.5,1269.4,-0.011737829
2016.10.6,1254.5,0.003387804
2016.10.7,1258.75,0.000595829
2016.10.10,1259.5,-0.004803493
2016.10.11,1253.45,0.002433284
2016.10.12,1256.5,0.00362117
2016.10.13,1261.05,-0.007374807
2016.10.14,1251.75,0.002436589
2016.10.17,1254.8,0.002709595
2016.10.18,1258.2,0.00862343
2016.10.19,1269.05,0.002048777
2016.10.20,1271.65,-0.004403727
2016.10.21,1266.05,-0.000394929
2016.10.24,1265.55,0.003042156
2016.10.25,1269.4,0.000866551
2016.10.26,1270.5,-0.00334514
2016.10.27,1266.25,0.005330701
2016.10.28,1273,-0.000785546
2016.10.31,1272,0.01293239
2016.11.1,1288.45,0.011874733
2016.11.2,1303.75,-0.0021093
2016.11.3,1301,0.001383551
2016.11.4,1302.8,-0.015159656
2016.11.7,1283.05,-0.000545575
2016.11.8,1282.35,-0.000740827
2016.11.9,1281.4,-0.010847511
2016.11.10,1267.5,-0.024497041
2016.11.11,1236.45,-0.018480327
2016.11.14,1213.6,0.01100033
2016.11.15,1226.95,0.001833816
2016.11.16,1229.2,-0.001993166
2016.11.17,1226.75,-0.012838802
2016.11.18,1211,0.002683732
2016.11.21,1214.25,-0.001647107
2016.11.22,1212.25,-0.022190142
2016.11.23,1185.35,0.000632725
2016.11.24,1186.1,0.001348959
2016.11.25,1187.7,-0.000589374
2016.11.28,1187,-0.000379107
2016.11.29,1186.55,-0.007121487
2016.11.30,1178.1,-0.013793396
2016.12.1,1161.85,0.010027112
2016.12.2,1173.5,-0.009629314
2016.12.5,1162.2,0.008862502
2016.12.6,1172.5,0.004392324
2016.12.7,1177.65,-0.005604382
2016.12.8,1171.05,-0.006361812
2016.12.9,1163.6,-0.006445514
2016.12.12,1156.1,0.002119194
2016.12.13,1158.55,0.003193647
2016.12.14,1162.25,-0.030372123
2016.12.15,1126.95,0.004126181
2016.12.16,1131.6,0.004109226
2016.12.19,1136.25,-0.009284928
2016.12.20,1125.7,0.007062272
2016.12.21,1133.65,-0.002028845
2016.12.22,1131.35,-1
2016.12.23,,#DIV/0!
2016.12.28,1134.6,0.009959457
2016.12.29,1145.9,-1
2016.12.30,,#DIV/0!
2017.1.3,1151,0.011511729
2017.1.4,1164.25,0.01069358
2017.1.5,1176.7,-0.000722359
2017.1.6,1175.85,0.002253689
2017.1.9,1178.5,0.009333899
2017.1.10,1189.5,-0.009205549
2017.1.11,1178.55,0.022485257
2017.1.12,1205.05,-0.012198664
2017.1.13,1190.35,0.010627126
2017.1.16,1203,0.01084788
2017.1.17,1216.05,-0.001069035
2017.1.18,1214.75,-0.015394114
2017.1.19,1196.05,0.003762385
2017.1.20,1200.55,0.010245304
2017.1.23,1212.85,0.003256792
2017.1.24,1216.8,-0.017915845
2017.1.25,1195,-0.004435146
2017.1.26,1189.7,-0.004076658
2017.1.27,1184.85,0.00670971
2017.1.30,1192.8,0.01676727
2017.1.31,1212.8,-0.007544525
2017.2.1,1203.65,0.015203755
2017.2.2,1221.95,-0.005523958
2017.2.3,1215.2,0.009504608
2017.2.6,1226.75,0.003464439
2017.2.7,1231,0.009017059
2017.2.8,1242.1,-0.004266967
2017.2.9,1236.8,-0.006872574
2017.2.10,1228.3,-0.004925507
2017.2.13,1222.25,0.006954387
2017.2.14,1230.75,-0.005159456
2017.2.15,1224.4,0.013190134
2017.2.16,1240.55,0.001128532
2017.2.17,1241.95,-0.003744112
2017.2.20,1237.3,-0.003313667
2017.2.21,1233.2,0.0027976
2017.2.22,1236.65,0.009097158
2017.2.23,1247.9,0.004607741
2017.2.24,1253.65,0.002831731
2017.2.27,1257.2,-0.001272669
2017.2.28,1255.6,-0.012105766
2017.3.1,1240.4,-0.001854241
2017.3.2,1238.1,-0.009369195
2017.3.3,1226.5,0.00362821
2017.3.6,1230.95,-0.011617044
2017.3.7,1216.65,-0.006123372
2017.3.8,1209.2,-0.002191532
2017.3.9,1206.55,-0.003232357
2017.3.10,1202.65,0.001288821
2017.3.13,1204.2,0.000332171
2017.3.14,1204.6,-0.004814876
2017.3.15,1198.8,0.025483817
2017.3.16,1229.35,0.000203359
2017.3.17,1229.6,0.002277163
2017.3.20,1232.4,0.007465109
2017.3.21,1241.6,0.006000322
2017.3.22,1249.05,-0.001240943
2017.3.23,1247.5,0
2017.3.24,1247.5,0.008056112
2017.3.27,1257.55,-0.000238559
2017.3.28,1257.25,-0.004891629
2017.3.29,1251.1,-0.001838382
2017.3.30,1248.8,-0.003163037
2017.3.31,1244.85,0.001927943
2017.4.3,1247.25,0.008338344
2017.4.4,1257.65,-0.009422335
2017.4.5,1245.8,0.00537807
2017.4.6,1252.5,0.011137725
2017.4.7,1266.45,-0.012949583
2017.4.10,1250.05,0.002279909
2017.4.11,1252.9,0.017080374
2017.4.12,1274.3,0.007729734
2017.4.13,1284.15,-0.004049371
2017.4.18,1278.95,7.81891E-05
2017.4.19,1279.05,0.002384582
2017.4.20,1282.1,-0.000194993
2017.4.21,1281.85,-0.009712525
2017.4.24,1269.4,-0.001260438
2017.4.25,1267.8,-0.004693169
2017.4.26,1261.85,0.000752863
2017.4.27,1262.8,0.002890402
2017.4.28,1266.45,-0.008685696
2017.5.2,1255.45,-0.004102115
2017.5.3,1250.3,-0.017475806
2017.5.4,1228.45,-0.000325614
2017.5.5,1228.05,0.001425023
2017.5.8,1229.8,-0.007643519
2017.5.9,1220.4,0.002089479
2017.5.10,1222.95,0.000163539
2017.5.11,1223.15,0.006622246
2017.5.12,1231.25,0.001664975
2017.5.15,1233.3,0.000729749
2017.5.16,1234.2,0.018797602
2017.5.17,1257.4,-0.001192938
2017.5.18,1255.9,-0.003105343
2017.5.19,1252,0.005471246
2017.5.22,1258.85,0.001072407
2017.5.23,1260.2,-0.006070465
2017.5.24,1252.55,0.003512834
2017.5.25,1256.95,0.00644417
2017.5.26,1265.05,-0.001857634
2017.5.30,1262.7,0.002771838
2017.5.31,1266.2,-0.001066182
2017.6.1,1264.85,0.007985137
2017.6.2,1274.95,0.003921722
2017.6.5,1279.95,0.010586351
2017.6.6,1293.5,-0.001932741
2017.6.7,1291,-0.013865221
2017.6.8,1273.1,-0.005144922
2017.6.9,1266.55,-0.000118432
2017.6.12,1266.4,-0.003474416
2017.6.13,1262,0.010697306
2017.6.14,1275.5,-0.016424931
2017.6.15,1254.55,0.000677534
2017.6.16,1255.4,-0.005775052
2017.6.19,1248.15,-0.004767055
2017.6.20,1242.2,0.000241507
2017.6.21,1242.5,0.00668008
2017.6.22,1250.8,0.003917493
2017.6.23,1255.7,-0.008322051
2017.6.26,1245.25,0.003453122
2017.6.27,1249.55,-0.001240447
2017.6.28,1248,-0.003605769
2017.6.29,1243.5,-0.001005227
2017.6.30,1242.25,-0.010464882
2017.7.3,1229.25,-0.004474273
2017.7.4,1223.75,-0.002819203
2017.7.5,1220.3,0.003769565
2017.7.6,1224.9,-0.007551637
2017.7.7,1215.65,-0.003084769
2017.7.10,1211.9,-0.000701378
2017.7.11,1211.05,0.006399405
2017.7.12,1218.8,8.20479E-05
2017.7.13,1218.9,0.009352695
2017.7.14,1230.3,0.003088678
2017.7.17,1234.1,0.005388542
2017.7.18,1240.75,0.00112835
2017.7.19,1242.15,-0.002777442
2017.7.20,1238.7,0.007951885
2017.7.21,1248.55,0.005606504
2017.7.24,1255.55,-0.000915933
2017.7.25,1254.4,-0.005022321
2017.7.26,1248.1,0.010415832
2017.7.27,1261.1,0.003013242
2017.7.28,1264.9,0.002095027
2017.7.31,1267.55,0.00268234
2017.8.1,1270.95,-0.001062198
2017.8.2,1269.6,-0.001181474
2017.8.3,1268.1,-0.008201246
2017.8.4,1257.7,0.000238531
2017.8.7,1258,0.003020668
2017.8.8,1261.8,0.007330797
2017.8.9,1271.05,0.010503127
2017.8.10,1284.4,0.001323575
2017.8.11,1286.1,-0.002954669
2017.8.14,1282.3,-0.009358185
2017.8.15,1270.3,0.001928678
2017.8.16,1272.75,0.009742683
2017.8.17,1285.15,0.00828697
2017.8.18,1295.8,-0.002238
2017.8.21,1292.9,-0.006729059
2017.8.22,1284.2,0.001907803
2017.8.23,1286.65,0.001826449
2017.8.24,1289,-0.002870442
2017.8.25,1285.3,0.02594725
2017.8.29,1318.65,-0.007697266
2017.8.30,1308.5,0.00248376
2017.8.31,1311.75,0.006594244
2017.9.1,1320.4,0.009618297
2017.9.4,1333.1,0.001837822
2017.9.5,1335.55,0.001722137
2017.9.6,1337.85,0.004223194
2017.9.7,1343.5,0.002046892
2017.9.8,1346.25,-0.008950789
2017.9.11,1334.2,-0.005771249
2017.9.12,1326.5,0.000791557
2017.9.13,1327.55,-0.002259802
2017.9.14,1324.55,-0.001283455
2017.9.15,1322.85,-0.008126394
2017.9.18,1312.1,-0.001905343
2017.9.19,1309.6,0.001298106
2017.9.20,1311.3,-0.014641958
2017.9.21,1292.1,0.002089622
2017.9.22,1294.8,-0.00115848
2017.9.25,1293.3,0.005219207
2017.9.26,1300.05,-0.013461021
2017.9.27,1282.55,0.000623757
2017.9.28,1283.35,-0.000194803
2017.9.29,1283.1,-0.007326007
2017.10.2,1273.7,-0.00192353
2017.10.3,1271.25,0.002359882
2017.10.4,1274.25,0.000196194
2017.10.5,1274.5,-0.009964692
2017.10.6,1261.8,0.013433191
2017.10.9,1278.75,0.009892473
2017.10.10,1291.4,-0.00166486
2017.10.11,1289.25,0.000775645
2017.10.12,1290.25,0.007246658
2017.10.13,1299.6,0.00284703
2017.10.16,1303.3,-0.014233101
2017.10.17,1284.75,-0.003541545
2017.10.18,1280.2,0.004842993
2017.10.19,1286.4,-0.004042289
2017.10.20,1281.2,-0.004917265
2017.10.23,1274.9,0.001215782
2017.10.24,1276.45,-0.001135963
2017.10.25,1275,-0.000980392
2017.10.26,1273.75,-0.005731109
2017.10.27,1266.45,0.004382329
2017.10.30,1272,-0.001454403
2017.10.31,1270.15,0.005432429
2017.11.1,1277.05,0.001683568
2017.11.2,1279.2,-0.009380863
2017.11.3,1267.2,0.002919823
2017.11.6,1270.9,0.003698167
2017.11.7,1275.6,0.006585136
2017.11.8,1284,0.000623053
2017.11.9,1284.8,-0.000389166
2017.11.10,1284.3,-0.004944328
2017.11.13,1277.95,-0.002621386
2017.11.14,1274.6,0.005962655
2017.11.15,1282.2,-0.001715801
2017.11.16,1280,0.003398437
2017.11.17,1284.35,0.001440417
2017.11.20,1286.2,-0.002254704
2017.11.21,1283.3,0.00284423
2017.11.22,1286.95,0.002641905
2017.11.23,1290.35,0.000116248
2017.11.24,1290.5,0.003409531
2017.11.27,1294.9,-0.002355394
2017.11.28,1291.85,-0.006192669
2017.11.29,1283.85,-0.002843011
2017.11.30,1280.2,-0.003671301
2017.12.1,1275.5,-0.001607213
2017.12.4,1273.45,-0.005614669
2017.12.5,1266.3,-0.002053226
2017.12.6,1263.7,-0.006884545
2017.12.7,1255,-0.003466135
2017.12.8,1250.65,-0.002798545
2017.12.11,1247.15,-0.005011426
2017.12.12,1240.9,0.001410267
2017.12.13,1242.65,0.006719511
2017.12.14,1251,0.002877698
2017.12.15,1254.6,0.004782401
2017.12.18,1260.6,-0.000198318
2017.12.19,1260.35,0.003332408
2017.12.20,1264.55,0
2017.12.21,1264.55,-1
2017.12.22,,#DIV/0!
2017.12.27,1279.4,0.00906675
2017.12.28,1291,-1
2017.12.29,,#DIV/0!
2018.1.2,1312.05,0.002172173
2018.1.3,1314.9,-0.000304206
2018.1.4,1314.5,0.002015976
2018.1.5,1317.15,0.002125802
2018.1.8,1319.95,-0.00678056
2018.1.9,1311,0.006674294
2018.1.10,1319.75,0.002500474
2018.1.11,1323.05,0.00283436
2018.1.12,1326.8,0.009383479
2018.1.15,1339.25,-0.004032108
2018.1.16,1333.85,0.001349477
2018.1.17,1335.65,-0.002583012
2018.1.18,1332.2,0.002064255
2018.1.19,1334.95,-0.001760366
2018.1.22,1332.6,0.00060033
2018.1.23,1333.4,0.015224239
2018.1.24,1353.7,0.000923395
2018.1.25,1354.95,-0.001328462
2018.1.26,1353.15,-0.006872852
2018.1.29,1343.85,0.000781337
2018.1.30,1344.9,0.000111532
2018.1.31,1345.05,-0.002750827
2018.2.1,1341.35,-0.007604279
2018.2.2,1331.15,0.001840514
2018.2.5,1333.6,-0.00164967
2018.2.6,1331.4,-0.005069851
2018.2.7,1324.65,-0.006945231
2018.2.8,1315.45,-0.001026265
2018.2.9,1314.1,0.006240012
2018.2.12,1322.3,0.002306587
2018.2.13,1325.35,0.008224243
2018.2.14,1336.25,0.01212348
2018.2.15,1352.45,-0.00025879
2018.2.16,1352.1,-0.004067746
2018.2.19,1346.6,-0.005012624
2018.2.20,1339.85,-0.006978393
2018.2.21,1330.5,-0.001615934
2018.2.22,1328.35,-0.000301125
2018.2.23,1327.95,0.004179374
2018.2.26,1333.5,-0.005811774
2018.2.27,1325.75,-0.005958891
2018.2.28,1317.85,-0.007663998
2018.3.1,1307.75,0.01112598
2018.3.2,1322.3,-0.00143689
2018.3.5,1320.4,0.008330809
2018.3.6,1331.4,-0.001502178
2018.3.7,1329.4,-0.00631864
2018.3.8,1321,-0.000302801
2018.3.9,1320.6,-0.001097986
2018.3.12,1319.15,0.00272903
2018.3.13,1322.75,0.000604801
2018.3.14,1323.55,-0.00362661
2018.3.15,1318.75,-0.006559242
2018.3.16,1310.1,0.001755591
2018.3.19,1312.4,-0.001066748
2018.3.20,1311,0.007894737
2018.3.21,1321.35,0.005903054
2018.3.22,1329.15,0.013128691
2018.3.23,1346.6,0.004307144
2018.3.26,1352.4,-0.008096717
2018.3.27,1341.45,-0.006709158
2018.3.28,1332.45,-0.006454276
2018.3.29,1323.85,0.007251577
2018.4.3,1333.45,0.002887247
2018.4.4,1337.3,-0.007178644
2018.4.5,1327.7,0.002636138
2018.4.6,1331.2,0.000563401
2018.4.9,1331.95,0.005255453
2018.4.10,1338.95,0.008812876
2018.4.11,1350.75,-0.006959097
2018.4.12,1341.35,0.001751966
2018.4.13,1343.7,0.004204808
2018.4.16,1349.35,-0.005372957
2018.4.17,1342.1,0.006966694
2018.4.18,1351.45,-0.002108846
2018.4.19,1348.6,-0.00878689
2018.4.20,1336.75,-0.009313634
2018.4.23,1324.3,0.003435777
2018.4.24,1328.85,-0.005418219
2018.4.25,1321.65,-0.000718798
2018.4.26,1320.7,0.000605739
2018.4.27,1321.5,-0.006280742
2018.4.30,1313.2,-0.004645142
2018.5.1,1307.1,-0.002218652
2018.5.2,1304.2,0.008319276
2018.5.3,1315.05,-0.004296415
2018.5.4,1309.4,-0.002138384
2018.5.8,1306.6,0.005548752
2018.5.9,1313.85,0.003767553
2018.5.10,1318.8,0.004208371
2018.5.11,1324.35,-0.003397893
2018.5.14,1319.85,-0.018827897
2018.5.15,1295,-0.002895753
2018.5.16,1291.25,-0.001355276
2018.5.17,1289.5,-0.000930593
2018.5.18,1288.3,3.88108E-05
2018.5.21,1288.35,0.003648077
2018.5.22,1293.05,-0.003132129
2018.5.23,1289,0.012296354
2018.5.24,1304.85,-0.001034602
2018.5.25,1303.5,-0.006137323
2018.5.29,1295.5,0.004013894
2018.5.30,1300.7,0.003574998
2018.5.31,1305.35,-0.008235339
2018.6.1,1294.6,0.000656573
2018.6.4,1295.45,-0.002624571
2018.6.5,1292.05,0.006230409
2018.6.6,1300.1,-0.002192139
2018.6.7,1297.25,0.000770861
2018.6.8,1298.25,0.001039861
2018.6.11,1299.6,-0.000730994
2018.6.12,1298.65,-0.001925076
2018.6.13,1296.15,0.005092003
2018.6.14,1302.75,-0.013433122
2018.6.15,1285.25,-0.002878817
2018.6.18,1281.55,-0.004213648
2018.6.19,1276.15,-0.001528034
2018.6.20,1274.2,-0.00631769
2018.6.21,1266.15,0.002369388
2018.6.22,1269.15,-0.000354568
2018.6.25,1268.7,-0.006620951
2018.6.26,1260.3,-0.004522733
2018.6.27,1254.6,-0.002431054
2018.6.28,1251.55,-0.00087891
2018.6.29,1250.45,-0.002119237
2018.7.2,1247.8,0.003165571
2018.7.3,1251.75,0.003115638
2018.7.4,1255.65,-0.00011946
2018.7.5,1255.5,-0.000119474
2018.7.6,1255.35,0.005337157
2018.7.9,1262.05,-0.006378511
2018.7.10,1254,-0.002073365
2018.7.11,1251.4,-0.004395078
2018.7.12,1245.9,-0.003371057
2018.7.13,1241.7,-0.000483209
2018.7.16,1241.1,-0.006687616
2018.7.17,1232.8,-0.006732641
2018.7.18,1224.5,-0.005675786
2018.7.19,1217.55,0.009198801
2018.7.20,1228.75,-0.003092574
2018.7.23,1224.95,0.002775623
2018.7.24,1228.35,0.002564416
2018.7.25,1231.5,-0.002639058
2018.7.26,1228.25,-0.003500916
2018.7.27,1223.95,-0.000122554
2018.7.30,1223.8,-0.002328812
2018.7.31,1220.95,-0.001597117
2018.8.1,1219,-0.002912223
2018.8.2,1215.45,0.000699329
2018.8.3,1216.3,-0.005467401
2018.8.6,1209.65,0.002232051
2018.8.7,1212.35,-0.002309564
2018.8.8,1209.55,0.003968418
2018.8.9,1214.35,4.11743E-05
2018.8.10,1214.4,-0.011569499
2018.8.13,1200.35,-0.002790853
2018.8.14,1197,-0.012531328
2018.8.15,1182,-0.001353638
2018.8.16,1180.4,-0.001694341
2018.8.17,1178.4,0.005049219
2018.8.20,1184.35,0.005572677
2018.8.21,1190.95,0.004786095
2018.8.22,1196.65,-0.003593365
2018.8.23,1192.35,0.004486938
2018.8.24,1197.7,0.012148284
2018.8.28,1212.25,-0.006640544
2018.8.29,1204.2,-0.005729945
2018.8.30,1197.3,0.004301345
2018.8.31,1202.45,-0.001995925
2018.9.3,1200.05,-0.007666347
2018.9.4,1190.85,0.004912457
2018.9.5,1196.7,0.007061085
2018.9.6,1205.15,-0.005186076
2018.9.7,1198.9,-0.001918425
2018.9.10,1196.6,-0.005640983
2018.9.11,1189.85,0.004832542
2018.9.12,1195.6,0.011876882
2018.9.13,1209.8,-0.006488676
2018.9.14,1201.95,-4.15991E-05
2018.9.17,1201.9,-0.001414427
2018.9.18,1200.2,0.002582903
2018.9.19,1203.3,0.004196792
2018.9.20,1208.35,-0.007986097
2018.9.21,1198.7,0.00337866
2018.9.24,1202.75,-0.000706714
2018.9.25,1201.9,-0.006364922
2018.9.26,1194.25,-0.007410509
2018.9.27,1185.4,0.001560655
2018.9.28,1187.25,0.001768793
2018.10.1,1189.35,0.012906209
2018.10.2,1204.7,-0.002905288
2018.10.3,1201.2,0.001873127
2018.10.4,1203.45,0.000290831
2018.10.5,1203.8,-0.013997342
2018.10.8,1186.95,-0.001179494
2018.10.9,1185.55,0.002572646
2018.10.10,1188.6,0.014260475
2018.10.11,1205.55,0.011778856
2018.10.12,1219.75,0.008362369
2018.10.15,1229.95,0.000609781
2018.10.16,1230.7,-0.0013407
2018.10.17,1229.05,-0.004922501
2018.10.18,1223,0.003965658
2018.10.19,1227.85,-0.004520096
2018.10.22,1222.3,0.011167471
2018.10.23,1235.95,-0.004369109
2018.10.24,1230.55,0.000203161
2018.10.25,1230.8,0.002478063
2018.10.26,1233.85,-0.002471937
2018.10.29,1230.8,-0.00438739
2018.10.30,1225.4,-0.008527828
2018.10.31,1214.95,0.013333882
2018.11.1,1231.15,0.000771636
2018.11.2,1232.1,0.000121743
2018.11.5,1232.25,-0.00052749
2018.11.6,1231.6,-0.001339721
2018.11.7,1229.95,-0.004715639
2018.11.8,1224.15,-0.01041539
2018.11.9,1211.4,-0.004829123
2018.11.12,1205.55,-0.002861764
2018.11.13,1202.1,0.000956659
2018.11.14,1203.25,0.007147309
2018.11.15,1211.85,0.008705698
2018.11.16,1222.4,-0.00065445
2018.11.19,1221.6,0.001146038
2018.11.20,1223,0.002534751
2018.11.21,1226.1,0.000774814
2018.11.22,1227.05,-0.002770873
2018.11.23,1223.65,-0.000204307
2018.11.26,1223.4,-0.001798267
2018.11.27,1221.2,-0.00650999
2018.11.28,1213.25,0.010715022
2018.11.29,1226.25,-0.007094801
2018.11.30,1217.55,0.010471849
2018.12.3,1230.3,0.008128099
2018.12.4,1240.3,-0.003547529
2018.12.5,1235.9,0.005380694
2018.12.6,1242.55,0.000603597
2018.12.7,1243.3,0.001648838
2018.12.10,1245.35,-4.01494E-05
2018.12.11,1245.3,0.000361359
2018.12.12,1245.75,-0.002408188
2018.12.13,1242.75,-0.005954536
2018.12.14,1235.35,0.005099769
2018.12.17,1241.65,0.003745017
2018.12.18,1246.3,0.006980663
2018.12.19,1255,0.003784861
2018.12.20,1259.75,-0.001270093
2018.12.21,1258.15,-1
2018.12.24,,#DIV/0!
2018.12.27,1268,0.008675079
2018.12.28,1279,-1
2018.12.31,,#DIV/0!
2019.1.2,1282.9,0.005885104
2019.1.3,1290.45,-0.008175443
2019.1.4,1279.9,0.009610126
2019.1.7,1292.2,-0.004449776
2019.1.8,1286.45,0.001671266
2019.1.9,1288.6,0.002560919
2019.1.10,1291.9,-0.002283458
2019.1.11,1288.95,0.002948136
2019.1.14,1292.75,0.001276349
2019.1.15,1294.4,-0.001622373
2019.1.16,1292.3,-0.001238103
2019.1.17,1290.7,-0.005036027
2019.1.18,1284.2,-0.003620931
2019.1.21,1279.55,0.001992888
2019.1.22,1282.1,-0.001793932
2019.1.23,1279.8,0.003047351
2019.1.24,1283.7,0.007945782
2019.1.25,1293.9,0.006376072
2019.1.28,1302.15,0.004146988
2019.1.29,1307.55,0.002409086
2019.1.30,1310.7,0.009575036
2019.1.31,1323.25,-0.003438504
2019.2.1,1318.7,-0.004967013
2019.2.4,1312.15,0.001562321
2019.2.5,1314.2,-0.001369655
2019.2.6,1312.4,-0.001828711
2019.2.7,1310,0.00370229
2019.2.8,1314.85,-0.006426589
2019.2.11,1306.4,0.002755664
2019.2.12,1310,0.002137405
2019.2.13,1312.8,-0.001028336
2019.2.14,1311.45,0.003888825
2019.2.15,1316.55,0.006798071
2019.2.18,1325.5,0.006525839
2019.2.19,1334.15,0.007195593
2019.2.20,1343.75,-0.009302326
2019.2.21,1331.25,-0.001652582
2019.2.22,1329.05,0.001504834
2019.2.25,1331.05,-0.004507719
2019.2.26,1325.05,-0.001660315
2019.2.27,1322.85,-0.002796991
2019.2.28,1319.15,-0.00545806
2019.3.1,1311.95,-0.020237052
2019.3.4,1285.4,-0.001244749
2019.3.5,1283.8,0.001596822
2019.3.6,1285.85,-0.000427733
2019.3.7,1285.3,0.008908426
2019.3.8,1296.75,-0.003084635
2019.3.11,1292.75,0.003326243
2019.3.12,1297.05,0.007632705
2019.3.13,1306.95,-0.008722598
2019.3.14,1295.55,0.00613639
2019.3.15,1303.5,0.001611047
2019.3.18,1305.6,0.001608456
2019.3.19,1307.7,-0.003058806
2019.3.20,1303.7,0.004525581
2019.3.21,1309.6,0.001298106
2019.3.22,1311.3,0.006291466
2019.3.25,1319.55,-0.002462961
2019.3.26,1316.3,-0.005014055
2019.3.27,1309.7,-0.011109414
2019.3.28,1295.15,0.000193028
2019.3.29,1295.4,-0.001466728
2019.4.1,1293.5,-0.002473908
2019.4.2,1290.3,0.000116252
2019.4.3,1290.45,-0.005656941
2019.4.4,1283.15,0.00413046
2019.4.5,1288.45,0.008964259
2019.4.8,1300,0.002307692
2019.4.9,1303,0.001880276
2019.4.10,1305.45,-0.005094029
2019.4.11,1298.8,-0.003464737
2019.4.12,1294.3,-0.006683149
2019.4.15,1285.65,-0.007233695
2019.4.16,1276.35,-0.000391742
2019.4.17,1275.85,-0.000117569
2019.4.18,1275.7,-0.004860077
2019.4.23,1269.5,0.00169358
2019.4.24,1271.65,0.007195376
2019.4.25,1280.8,0.002654591
2019.4.26,1284.2,-0.003659866
2019.4.29,1279.5,0.002188355
2019.4.30,1282.3,0.001169773
2019.5.1,1283.8,-0.010009347
2019.5.2,1270.95,0.005979779
2019.5.3,1278.55,0.00207266
2019.5.7,1281.2,0.003122073
2019.5.8,1285.2,0.00070028
2019.5.9,1286.1,0.000777545
2019.5.10,1287.1,0.006603993
2019.5.13,1295.6,0.002161161
2019.5.14,1298.4,0.000539125
2019.5.15,1299.1,-0.005696251
2019.5.16,1291.7,-0.008438492
2019.5.17,1280.8,-0.00308401
2019.5.20,1276.85,-0.004464111
2019.5.21,1271.15,0.002084726
2019.5.22,1273.8,0.007732768
2019.5.23,1283.65,-0.000895883
2019.5.24,1282.5,-0.003274854
2019.5.28,1278.3,0.002620668
2019.5.29,1281.65,-0.000546171
2019.5.30,1280.95,0.011397791
2019.5.31,1295.55,0.016633862
2019.6.3,1317.1,0.005428593
2019.6.4,1324.25,0.00815556
2019.6.5,1335.05,0.000337066
2019.6.6,1335.5,0.003856234
2019.6.7,1340.65,-0.008988177
2019.6.10,1328.6,-0.00323649
2019.6.11,1324.3,0.006078683
2019.6.12,1332.35,0.002664465
2019.6.13,1335.9,0.011490381
2019.6.14,1351.25,-0.007363552
2019.6.17,1341.3,3.72773E-05
2019.6.18,1341.35,0.002012897
2019.6.19,1344.05,0.026375507
2019.6.20,1379.5,0.012794491
2019.6.21,1397.15,0.006119601
2019.6.24,1405.7,0.018282706
2019.6.25,1431.4,-0.019177029
2019.6.26,1403.95,-0.0010328
2019.6.27,1402.5,0.004634581
2019.6.28,1409,-0.013413769
2019.7.1,1390.1,0.000683404
2019.7.2,1391.05,0.016138888
2019.7.3,1413.5,0.000990449
2019.7.4,1414.9,-0.018552548
2019.7.5,1388.65,0.008245418
2019.7.8,1400.1,-0.006106707
2019.7.9,1391.55,0.012036937
2019.7.10,1408.3,0.003869914
2019.7.11,1413.75,-0.004350133
2019.7.12,1407.6,0.00341006
2019.7.15,1412.4,-0.001805438
2019.7.16,1409.85,0.000354648
2019.7.17,1410.35,0.005034211
2019.7.18,1417.45,0.015697203
2019.7.19,1439.7,-0.00830034
2019.7.22,1427.75,-0.001540886
2019.7.23,1425.55,0.000982077
2019.7.24,1426.95,-0.00760363
2019.7.25,1416.1,0.003036509
2019.7.26,1420.4,-0.000950436
2019.7.29,1419.05,0.004827173
2019.7.30,1425.9,0.001157164
2019.7.31,1427.55,-0.014535393
2019.8.1,1406.8,0.024843617
2019.8.2,1441.75,0.016299636
2019.8.5,1465.25,0
2019.8.6,1465.25,0.027845078
2019.8.7,1506.05,-0.006839082
2019.8.8,1495.75,0.001303694
2019.8.9,1497.7,0.004673833
2019.8.12,1504.7,-0.004186881
2019.8.13,1498.4,0.009910571
2019.8.14,1513.25,0.00158599
2019.8.15,1515.65,-0.000263913
2019.8.16,1515.25,-0.0123082
2019.8.19,1496.6,0.005312041
2019.8.20,1504.55,-0.000864046
2019.8.21,1503.25,-0.00079827
2019.8.22,1502.05,0.001165074
2019.8.23,1503.8,0.019384227
2019.8.27,1532.95,0.002739815
2019.8.28,1537.15,0.001984192
2019.8.29,1540.2,-0.007661343
2019.8.30,1528.4,-0.001602984
2019.9.2,1525.95,0.007798421
2019.9.3,1537.85,0.005364632
2019.9.4,1546.1,-0.010995408
2019.9.5,1529.1,-0.003531489
2019.9.6,1523.7,-0.009516309
2019.9.9,1509.2,-0.0072555
2019.9.10,1498.25,-0.005072585
2019.9.11,1490.65,0.016469325
2019.9.12,1515.2,-0.007985744
2019.9.13,1503.1,-0.003925221
2019.9.16,1497.2,0.003272776
2019.9.17,1502.1,0.000932028
2019.9.18,1503.5,-0.001862321
2019.9.19,1500.7,0.000799627
2019.9.20,1501.9,0.01344963
2019.9.23,1522.1,-0.000952631
2019.9.24,1520.65,0.00532667
2019.9.25,1528.75,-0.014619787
2019.9.26,1506.4,-0.010953266
2019.9.27,1489.9,-0.003087456
2019.9.30,1485.3,-0.007978186
2019.10.1,1473.45,0.012996708
2019.10.2,1492.6,0.016414311
2019.10.3,1517.1,-0.011831784
2019.10.4,1499.15,0.001400794
2019.10.7,1501.25,0.003064113
2019.10.8,1505.85,0.000929707
2019.10.9,1507.25,-0.008260076
2019.10.10,1494.8,-0.010469628
2019.10.11,1479.15,0.007740932
2019.10.14,1490.6,-0.001878438
2019.10.15,1487.8,-0.00181476
2019.10.16,1485.1,0.005083833
2019.10.17,1492.65,-0.001775366
2019.10.18,1490,0.001107383
2019.10.21,1491.65,-0.004223511
2019.10.22,1485.35,0.006126502
2019.10.23,1494.45,0.001405199
2019.10.24,1496.55,0.01129264
2019.10.25,1513.45,-0.013908619
2019.10.28,1492.4,-0.003785848
2019.10.29,1486.75,0.003598453
2019.10.30,1492.1,0.012633202
2019.10.31,1510.95,-0.001422946
2019.11.1,1508.8,0.000430806
2019.11.4,1509.45,-0.013581106
2019.11.5,1488.95,-0.001947681
2019.11.6,1486.05,-0.001211265
2019.11.7,1484.25,-0.013542193
2019.11.8,1464.15,-0.003722296
2019.11.11,1458.7,-0.004558854
2019.11.12,1452.05,0.007472194
2019.11.13,1462.9,0.002563401
2019.11.14,1466.65,0.000170456
2019.11.15,1466.9,0.000511282
2019.11.18,1467.65,0.000545089
2019.11.19,1468.45,0.002213218
2019.11.20,1471.7,-0.003159611
2019.11.21,1467.05,-0.001772264
2019.11.22,1464.45,-0.004131244
2019.11.25,1458.4,-0.002571311
2019.11.26,1454.65,-0.000206235
2019.11.27,1454.35,0.000206278
2019.11.28,1454.65,0.003780978
2019.11.29,1460.15,0.000684861
2019.12.2,1461.15,0.011052938
2019.12.3,1477.3,-0.001489203
2019.12.4,1475.1,0.000576232
2019.12.5,1475.95,-0.011043735
2019.12.6,1459.65,0.001404446
2019.12.9,1461.7,0.002223438
2019.12.10,1464.95,0.001262842
2019.12.11,1466.8,0.000681756
2019.12.12,1467.8,-0.00081755
2019.12.13,1466.6,0.007704896
2019.12.16,1477.9,-0.001420935
2019.12.17,1475.8,-0.001185798
2019.12.18,1474.05,0.001797768
2019.12.19,1476.7,0.001557527
2019.12.20,1479,0.002096011
2019.12.23,1482.1,-1
2019.12.24,,#DIV/0!
2019.12.27,1511.5,0.002150182
2019.12.30,1514.75,-1
2019.12.31,,#DIV/0!
2020.1.2,1527.1,0.014177199
2020.1.3,1548.75,0.015722357
2020.1.6,1573.1,-0.003337359
2020.1.7,1567.85,0.002615046
2020.1.8,1571.95,-0.013486434
2020.1.9,1550.75,0.00183782
2020.1.10,1553.6,-0.002381565
2020.1.13,1549.9,-0.003096974
2020.1.14,1545.1,0.002524108
2020.1.15,1549,0.003582957
2020.1.16,1554.55,0.001961983
2020.1.17,1557.6,0.001637134
2020.1.20,1560.15,-0.005672531
2020.1.21,1551.3,0.003609876
2020.1.22,1556.9,0.003853812
2020.1.23,1562.9,0.000895771
2020.1.24,1564.3,0.010100364
2020.1.27,1580.1,-0.003860515
2020.1.28,1574,-0.000349428
2020.1.29,1573.45,0.003050621
2020.1.30,1578.25,0.003769998
2020.1.31,1584.2,-0.005965156
2020.2.3,1574.75,-0.010414351
2020.2.4,1558.35,-0.003240607
2020.2.5,1553.3,0.006437906
2020.2.6,1563.3,0.005980938
2020.2.7,1572.65,0.000349728
2020.2.10,1573.2,-0.001716247
2020.2.11,1570.5,-0.004329831
2020.2.12,1563.7,0.007258426
2020.2.13,1575.05,0.004031618
2020.2.14,1581.4,-0.000379411
2020.2.17,1580.8,0.005724949
2020.2.18,1589.85,0.009026009
2020.2.19,1604.2,0.009225782
2020.2.20,1619,0.015009265
2020.2.21,1643.3,0.017251871
2020.2.24,1671.65,-0.012771812
2020.2.25,1650.3,-0.009331637
2020.2.26,1634.9,0.010459355
2020.2.27,1652,-0.025514528
2020.2.28,1609.85,-0.006335994
2020.3.2,1599.65,0.009908417
2020.3.3,1615.5,0.01631074
2020.3.4,1641.85,0.010810975
2020.3.5,1659.6,0.014491444
2020.3.6,1683.65,-0.006622517
2020.3.9,1672.5,-0.010044843
2020.3.10,1655.7,-0.00117775
2020.3.11,1653.75,-0.050219199
2020.3.12,1570.7,-0.005029605
2020.3.13,1562.8,-0.048054773
2020.3.16,1487.7,0.032600659
2020.3.17,1536.2,-0.024736362
2020.3.18,1498.2,-0.01598585
2020.3.19,1474.25,0.013667967
2020.3.20,1494.4,0.020744111
2020.3.23,1525.4,0.052674708
2020.3.24,1605.75,-0.000186829
2020.3.25,1605.45,0.018281479
2020.3.26,1634.8,-0.010704673
2020.3.27,1617.3,0.000618314
2020.3.30,1618.3,-0.005777668
2020.3.31,1608.95,-0.020137357
2020.4.1,1576.55,0.02553043
2020.4.2,1616.8,-0.002288471
2020.4.3,1613.1,0.021821338
2020.4.6,1648.3,0.000576351
2020.4.7,1649.25,-0.000879188
2020.4.8,1647.8,0.019935672
2020.4.9,1680.65,0.036444233
2020.4.14,1741.9,-0.013347494
2020.4.15,1718.65,0.006313095
2020.4.16,1729.5,-0.021364556
2020.4.17,1692.55,-0.003751736
2020.4.20,1686.2,-0.002461155
2020.4.21,1682.05,0.01694361
2020.4.22,1710.55,0.015024407
2020.4.23,1736.25,-0.011720662
2020.4.24,1715.9,-0.000553645
2020.4.27,1714.95,-0.013644713
2020.4.28,1691.55,0.006975851
2020.4.29,1703.35,-0.000352247
2020.4.30,1702.75,-0.009690207
2020.5.1,1686.25,0.013550778
2020.5.4,1709.1,-0.005587736
2020.5.5,1699.55,-0.004736548
2020.5.6,1691.5,0.00741945
2020.5.7,1704.05,-0.000762888
2020.5.11,1702.75,-0.00020555
2020.5.12,1702.4,0.003524436
2020.5.13,1708.4,0.013579958
2020.5.14,1731.6,0.002165627
2020.5.15,1735.35,-0.000374564
2020.5.18,1734.7,0.001873523
2020.5.19,1737.95,0.005955292
2020.5.20,1748.3,-0.013384431
2020.5.21,1724.9,0.005014783
2020.5.22,1733.55,-0.007672118
2020.5.26,1720.25,-0.014910623
2020.5.27,1694.6,0.013424997
2020.5.28,1717.35,0.00660902
2020.5.29,1728.7,0.001099092
2020.6.1,1730.6,0.006673986
2020.6.2,1742.15,-0.021123325
2020.6.3,1705.35,-0.003107866
2020.6.4,1700.05,-0.009764419
2020.6.5,1683.45,0.004098726
2020.6.8,1690.35,0.013695389
2020.6.9,1713.5,0.004989787
2020.6.10,1722.05,0.009407392
2020.6.11,1738.25,-0.002732633
2020.6.12,1733.5,-0.013296798
2020.6.15,1710.45,0.00549563
2020.6.16,1719.85,0.002616507
2020.6.17,1724.35,-0.002812654
2020.6.18,1719.5,0.008868857
2020.6.19,1734.75,0.015621848
2020.6.22,1761.85,0.004001476
2020.6.23,1768.9,-0.001611171
2020.6.24,1766.05,-0.005379236
2020.6.25,1756.55,-0.005095215
2020.6.26,1747.6,0.01373312
2020.6.29,1771.6,-0.001975615
2020.6.30,1768.1,0.001668458
2020.7.1,1771.05,0.003613676
2020.7.2,1777.45,-0.002559847
2020.7.3,1772.9,0.008460714
2020.7.6,1787.9,0.00092287
2020.7.7,1789.55,0.012042133
2020.7.8,1811.1,0.000552151
2020.7.9,1812.1,-0.004966613
2020.7.10,1803.1,0.002440242
2020.7.13,1807.5,-0.003098202
2020.7.14,1801.9,0.001498418
2020.7.15,1804.6,0.001717832
2020.7.16,1807.7,-0.000193616
2020.7.17,1807.35,0.004592359
2020.7.20,1815.65,0.014815631
2020.7.21,1842.55,0.005345852
2020.7.22,1852.4,0.013981861
2020.7.23,1878.3,0.012671032
2020.7.24,1902.1,0.018164134
2020.7.27,1936.65,0.002194511
2020.7.28,1940.9,0.005152249
2020.7.29,1950.9,0.003459942
2020.7.30,1957.65,0.00370342
2020.7.31,1964.9,-0.003231717
2020.8.3,1958.55,0.009879758
2020.8.4,1977.9,0.035517468
2020.8.5,2048.15,0.009276664
2020.8.6,2067.15,-0.017415282
2020.8.7,2031.15,0.006572631
2020.8.10,2044.5,-0.051283933
2020.8.11,1939.65,-0.003995566
2020.8.12,1931.9,0.00639267
2020.8.13,1944.25,0.000257169
2020.8.14,1944.75,0.014449158
2020.8.17,1972.85,0.018197025
2020.8.18,2008.75,-0.013814561
2020.8.19,1981,-0.027183241
2020.8.20,1927.15,-0.001452923
2020.8.21,1924.35,0.010185257
2020.8.24,1943.95,-0.016872862
2020.8.25,1911.15,0.011406745
2020.8.26,1932.95,-0.00470783
2020.8.27,1923.85,0.017413
2020.8.28,1957.35,0.007663422
2020.9.1,1972.35,-0.012827338
2020.9.2,1947.05,-0.003389743
2020.9.3,1940.45,-0.007292123
2020.9.4,1926.3,0.001116129
2020.9.7,1928.45,-0.009074645
2020.9.8,1910.95,0.018969622
2020.9.9,1947.2,0.009783279
2020.9.10,1966.25,-0.009586777
2020.9.11,1947.4,0.005802609
2020.9.14,1958.7,-0.004773574
2020.9.15,1949.35,0.006386744
2020.9.16,1961.8,-0.013023754
2020.9.17,1936.25,0.007540349
2020.9.18,1950.85,-0.021272779
2020.9.21,1909.35,-0.001754524
2020.9.22,1906,-0.017103882
2020.9.23,1873.4,-0.00621864
2020.9.24,1861.75,-0.001101115
2020.9.25,1859.7,0.002473517
2020.9.28,1864.3,0.010540149
2020.9.29,1883.95,0.001565859
2020.9.30,1886.9,0.008002544
2020.10.1,1902,0.00055205
2020.10.2,1903.05,0.003441843
2020.10.5,1909.6,0.001989946
2020.10.6,1913.4,-0.015104003
2020.10.7,1884.5,0.001565402
2020.10.8,1887.45,0.01896739
2020.10.9,1923.25,0.001169895
2020.10.12,1925.5,-0.01776162
2020.10.13,1891.3,0.009913816
2020.10.14,1910.05,-0.009502369
2020.10.15,1891.9,0.006950684
2020.10.16,1905.05,0.000288706
2020.10.19,1905.6,-0.003778338
2020.10.20,1898.4,0.013564054
2020.10.21,1924.15,-0.012057272
2020.10.22,1900.95,0.001420342
2020.10.23,1903.65,-0.002731595
2020.10.26,1898.45,0.003818905
2020.10.27,1905.7,-0.018759511
2020.10.28,1869.95,0.000187171
2020.10.29,1870.3,0.00617548
2020.10.30,1881.85,0.004277705
2020.11.2,1889.9,0.009735965
2020.11.3,1908.3,-0.004270817
2020.11.4,1900.15,0.020156303
2020.11.5,1938.45,0.001212309
2020.11.6,1940.8,-0.037870981
2020.11.9,1867.3,0.006105071
2020.11.10,1878.7,-0.009448023
2020.11.11,1860.95,0.007469303
2020.11.12,1874.85,0.008560685
2020.11.13,1890.9,-0.002802898
2020.11.16,1885.6,0.001829656
2020.11.17,1889.05,-0.006855298
2020.11.18,1876.1,-0.009994137
2020.11.19,1857.35,0.009879667
2020.11.20,1875.7,-0.018926268
2020.11.23,1840.2,-0.022062819
2020.11.24,1799.6,0.005890198
2020.11.25,1810.2,-0.00154679
2020.11.26,1807.4,-0.015547195
2020.11.27,1779.3,-0.009413814
2020.11.30,1762.55,0.027346742
2020.12.1,1810.75,0.00654425
2020.12.2,1822.6,0.005349501
2020.12.3,1832.35,0.005812208
2020.12.4,1843,0.009196961
2020.12.7,1859.95,0.004408721
2020.12.8,1868.15,-0.014131628
2020.12.9,1841.75,0.001411701
2020.12.10,1844.35,-0.001274162
2020.12.11,1842,-0.005890337
2020.12.14,1831.15,0.010649046
2020.12.15,1850.65,0.000702456
2020.12.16,1851.95,0.02095089
2020.12.17,1890.75,-0.005817797
2020.12.18,1879.75,0.000132996
2020.12.21,1880,-0.001542553
2020.12.22,1877.1,-0.001118747
2020.12.23,1875,-1
2020.12.24,,#DIV/0!
2020.12.29,1874.3,0.007095983
2020.12.30,1887.6,-1
2020.12.31,,#DIV/0!
2021.1.4,1943.2,-0.001466653
2021.1.5,1940.35,-0.004329116
2021.1.6,1931.95,-0.006133699
2021.1.7,1920.1,-0.029790115
2021.1.8,1862.9,-0.00840088
2021.1.11,1847.25,-0.003248071
2021.1.12,1841.25,0.009558724
2021.1.13,1858.85,-0.009199236
2021.1.14,1841.75,-0.001493145
2021.1.15,1839,-0.003235454
2021.1.18,1833.05,0.000900139
2021.1.19,1834.7,0.011936556
2021.1.20,1856.6,0.002962404
2021.1.21,1862.1,-0.005048064
2021.1.22,1852.7,0.002239974
2021.1.25,1856.85,-0.000134637
2021.1.26,1856.6,-0.007325218
2021.1.27,1843,0.005805751
2021.1.28,1853.7,0.005448562
2021.1.29,1863.8,-0.000456058
2021.2.1,1862.95,-0.016022974
2021.2.2,1833.1,0.001281981
2021.2.3,1835.45,-0.026996104
2021.2.4,1785.9,0.009547007
2021.2.5,1802.95,0.017915084
2021.2.8,1835.25,0.002370249
2021.2.9,1839.6,0.001657969
2021.2.10,1842.65,-0.001383876
2021.2.11,1840.1,-0.012906907
2021.2.12,1816.35,0.000523027
2021.2.15,1817.3,-0.012683652
2021.2.16,1794.25,-0.007551902
2021.2.17,1780.7,-0.004239906
2021.2.18,1773.15,0.007359783
2021.2.19,1786.2,0.011896764
2021.2.22,1807.45,-0.004315472
2021.2.23,1799.65,-0.006473481
2021.2.24,1788,-0.004670022
2021.2.25,1779.65,-0.020678223
2021.2.26,1742.85,-0.004991824
2021.3.1,1734.15,-0.005939509
2021.3.2,1723.85,-0.007222206
2021.3.3,1711.4,0.000409022
2021.3.4,1712.1,-0.009257637
2021.3.5,1696.25,-0.005423729
2021.3.8,1687.05,0.017693607
2021.3.9,1716.9,-0.000407712
2021.3.10,1716.2,0.004690596
2021.3.11,1724.25,-0.011280267
2021.3.12,1704.8,0.011057015
2021.3.15,1723.65,0.006584864
2021.3.16,1735,-0.003083573
2021.3.17,1729.65,-0.002168069
2021.3.18,1725.9,0.005388493
2021.3.19,1735.2,0.000547487
2021.3.22,1736.15,-0.005731072
2021.3.23,1726.2,0.002491021
2021.3.24,1730.5,0.0039295
2021.3.25,1737.3,-0.003165832
2021.3.26,1731.8,-0.014926666
2021.3.29,1705.95,-0.01289604
2021.3.30,1683.95,0.004216277
2021.3.31,1691.05,0.0206972
2021.4.1,1726.05,0.010776049
2021.4.6,1744.65,-0.003782994
2021.4.7,1738.05,0.010039987
2021.4.8,1755.5,-0.008145827
2021.4.9,1741.2,-0.004795543
2021.4.12,1732.85,0.008713968
2021.4.13,1747.95,-0.007094024
2021.4.14,1735.55,0.012474432
2021.4.15,1757.2,0.009816754
2021.4.16,1774.45,2.81777E-05
2021.4.19,1774.5,0.001887856
2021.4.20,1777.85,0.01144641
2021.4.21,1798.2,-0.005811367
2021.4.22,1787.75,-0.003328206
2021.4.23,1781.8,-0.004742395
2021.4.26,1773.35,0.006090168
2021.4.27,1784.15,-0.006697867
2021.4.28,1772.2,-0.005388782
2021.4.29,1762.65,0.002836638
2021.4.30,1767.65,0.017028258
2021.5.4,1797.75,-0.008621888
2021.5.5,1782.25,0.017337635
2021.5.6,1813.15,0.012905717
2021.5.7,1836.55,0.002123547
2021.5.10,1840.45,-0.00616697
2021.5.11,1829.1,0.000874747
2021.5.12,1830.7,-0.004861528
2021.5.13,1821.8,0.008947195
2021.5.14,1838.1,0.008487025
2021.5.17,1853.7,0.007039974
2021.5.18,1866.75,0.011624481
2021.5.19,1888.45,-0.005374778
2021.5.20,1878.3,-0.001277751
2021.5.21,1875.9,0.002265579
2021.5.24,1880.15,0.003643326
2021.5.25,1887,0.006756757
2021.5.26,1899.75,-0.004368996
2021.5.27,1891.45,0.004493907
2021.5.28,1899.95,-0.000315798
2021.6.1,1899.35,0.001790086
2021.6.2,1902.75,-0.019025095
2021.6.3,1866.55,0.012884734
2021.6.4,1890.6,-0.001163652
2021.6.7,1888.4,0.002515357
2021.6.8,1893.15,0.000765919
2021.6.9,1894.6,-0.003140505
2021.6.10,1888.65,-0.004024038
2021.6.11,1881.05,-0.008213498
2021.6.14,1865.6,-0.00026801
2021.6.15,1865.1,-0.002332315
2021.6.16,1860.75,-0.044095123
2021.6.17,1778.7,-0.003148367
2021.6.18,1773.1,0.001099769
2021.6.21,1775.05,0
2021.6.22,1775.05,0.009323681
2021.6.23,1791.6,-0.003767582
2021.6.24,1784.85,0.001008488
2021.6.25,1786.65,-0.003554138
2021.6.28,1780.3,-0.013958322
2021.6.29,1755.45,0.00438634
2021.6.30,1763.15,0.010407509
2021.7.1,1781.5,0.00261016
2021.7.2,1786.15,0.00291129
2021.7.5,1791.35,0.010327407
2021.7.6,1809.85,-0.002873166
2021.7.7,1804.65,0.001690078
2021.7.8,1807.7,-0.000940422
2021.7.9,1806,-0.007530454
2021.7.12,1792.4,0.011967195
2021.7.13,1813.85,0.005154781
2021.7.14,1823.2,0.000301667
2021.7.15,1823.75,0.000301576
2021.7.16,1824.3,-0.005152661
2021.7.19,1814.9,0.004490606
2021.7.20,1823.05,-0.011464304
2021.7.21,1802.15,-0.00149821
2021.7.22,1799.45,8.33588E-05
2021.7.23,1799.6,0.000333407
2021.7.26,1800.2,8.33241E-05
2021.7.27,1800.35,-0.002082928
2021.7.28,1796.6,0.018201046
2021.7.29,1829.3,-0.001940633
2021.7.30,1825.75,-0.007832398
2021.8.2,1811.45,0.000662453
2021.8.3,1812.65,0.009075111
2021.8.4,1829.1,-0.015499426
2021.8.5,1800.75,-0.02101902
2021.8.6,1762.9,-0.013642294
2021.8.9,1738.85,-0.008913937
2021.8.10,1723.35,0.01175037
2021.8.11,1743.6,0.002179399
2021.8.12,1747.4,0.015136775
2021.8.13,1773.85,0.007046819
2021.8.16,1786.35,0.001735382
2021.8.17,1789.45,-0.003352986
2021.8.18,1783.45,-0.000784995
2021.8.19,1782.05,-0.001683454
2021.8.20,1779.05,0.012900143
2021.8.23,1802,0.003579356
2021.8.24,1808.45,-0.010920954
2021.8.25,1788.7,-0.001174037
2021.8.26,1786.6,0.006660696
2021.8.27,1798.5,0.009090909
2021.8.31,1814.85,-0.00168058
2021.9.1,1811.8,0.000413953
2021.9.2,1812.55,0.006151554
2021.9.3,1823.7,-0.001151505
2021.9.6,1821.6,-0.010677426
2021.9.7,1802.15,-0.008961518
2021.9.8,1786,0.001259798
2021.9.9,1788.25,0.003550958
2021.9.10,1794.6,-1
